PLACEKEY,LATITUDE,LONGITUDE,TOP_CATEGORY,CITY,REGION,POSTAL_CODE,STREET_ADDRESS,RAW_VISIT_COUNTS,RAW_VISITOR_COUNTS,IS_SYNTHETIC,WKT_AREA_SQ_METERS,ISO_COUNTRY_CODE,NORMALIZED_VISITS_BY_STATE_SCALING,NORMALIZED_VISITS_BY_REGION_NAICS_VISITS,NORMALIZED_VISITS_BY_REGION_NAICS_VISITORS,NORMALIZED_VISITS_BY_TOTAL_VISITS,NORMALIZED_VISITS_BY_TOTAL_VISITORS
222-222@8f3-fxx-pvz,30.7781,-88.277546,Religious Organizations,Semmes,AL,36575,9911 Blackwell Nursery Rd S,55.0,45.0,False,826.0,US,683.0,0.002153324892,0.002514132031,2.015332664e-05,0.0001710162081
zzw-222@8f4-ggp-2ff,31.988419,-88.322449,Religious Organizations,Needham,AL,36915,1862 Needham Rd,55.0,13.0,True,1236.0,US,684.0,0.002268467707,0.002657365352,1.998522301e-05,0.0001711362958
226-223@8gn-24k-qvf,32.359772,-86.26534,"Justice, Public Order, and Safety Activities",Montgomery,AL,36106,2800 Zelda Rd # 100,160.0,160.0,False,1126.0,US,1984.0,0.05413584499,0.07928286875,5.600034278e-05,0.0004894427279
224-222@8gk-w8t-47q,33.586196,-86.285349,"Justice, Public Order, and Safety Activities",Pell City,AL,35125,1908 Cogswell Ave,296.0,191.0,False,639.0,US,3676.0,0.1109551022,0.1607425077,0.0001055893711,0.0009140381883
zzw-222@8gm-s2p-k9f,33.743673,-86.384146,"Justice, Public Order, and Safety Activities",Springville,AL,35146,1000 Saint Clair Rd,750.0,258.0,False,271633.0,US,9272.0,0.3046481599,0.3245601067,0.0002638993392,0.002296110639
zzy-222@8gm-r4h-68v,34.351284,-86.000891,"Justice, Public Order, and Safety Activities",Geraldine,AL,35974,12969 State Highway 227,34.0,29.0,False,719.0,US,417.0,0.01817208314,0.01926708503,1.217025127e-05,0.0001032470262
222-222@8gn-23s-psq,32.379385,-86.358628,National Security and International Affairs,Montgomery,AL,36112,130 W Selfridge St,167.0,61.0,False,2268.0,US,2076.0,6.921794872,6.921794872,6.000887417e-05,0.0005204208136
zzw-222@8gh-wn7-tjv,31.226429,-85.410443,Offices of Dentists,Dothan,AL,36301,1389 W Main St Ste 2,233.0,233.0,False,372.0,US,2891.0,0.01797744163,0.02633055055,8.204563978e-05,0.0007163931752
223-224@8f3-fwq-sdv,30.682624,-88.224985,Offices of Dentists,Mobile,AL,36608,7765 Airport Blvd,698.0,652.0,False,423.0,US,8607.0,0.05793728656,0.08330720999,0.00024763954,0.002145291957
224-222@8gm-v8r-fs5,33.629286,-85.808715,Offices of Other Health Practitioners,Anniston,AL,36207,1401 Hillyer Robinson Pkwy,59.0,54.0,False,337.0,US,721.0,0.009706623974,0.01185159399,1.97616186e-05,0.0001734873881
zzw-22m@8f3-ftd-z9f,30.689741,-88.111057,Offices of Other Health Practitioners,Mobile,AL,36606,2880 Dauphin St,643.0,407.0,False,1826.0,US,8004.0,0.03686069785,0.05247498621,0.0002264263956,0.001970955513
zzy-222@8f3-gb4-q2k,30.542658,-88.164044,"Museums, Historical Sites, and Similar Institutions",Mobile,AL,36582,Old Military Rd,623.0,371.0,False,36933.0,US,7845.0,0.03383732854,0.03859890335,0.0002289743309,0.001978222823
22b-222@5pm-h46-r8v,34.710811,-86.742667,Offices of Other Health Practitioners,Madison,AL,35758,540 Hughes Rd Ste 10A,447.0,336.0,False,2616.0,US,5525.0,0.05303226576,0.094871581,0.0001560048288,0.001355315147
22b-223@5pm-mtc-w49,34.729517,-86.583602,Offices of Other Health Practitioners,Huntsville,AL,35801,333 Franklin St SE,128.0,112.0,False,311.0,US,1577.0,0.01710041448,0.03043014839,4.550087593e-05,0.0003933671739
zzw-226@8gk-tt4-249,33.435866,-86.811378,Offices of Other Health Practitioners,Vestavia Hills,AL,35216,2090 Columbiana Rd Ste 2000,290.0,143.0,False,2087.0,US,3579.0,0.03950313365,0.07036387976,0.0001037746417,0.000900661151
222-222@5pm-h46-ysq,34.701741,-86.74131,Offices of Other Health Practitioners,Madison,AL,35758,181 Hughes Rd Ste 1B,186.0,73.0,False,1337.0,US,2315.0,0.01950985376,0.02489012314,6.648082382e-05,0.0005745646114
223-223@5pm-mvw-3yv,34.757788,-86.598362,Offices of Other Health Practitioners,Huntsville,AL,35810,2075 Max Luther Dr NW,108.0,87.0,False,707.0,US,1339.0,0.0110153367,0.01416085486,3.87737692e-05,0.0003315169535
222-223@5pm-gk9-92k,34.57594,-86.933873,Amusement Parks and Arcades,Decatur,AL,35601,2600A Point Mallard Dr SE,602.0,437.0,True,1236.0,US,7451.0,0.08248825348,0.1044093181,0.0002151195808,0.001857997469
222-225@8gk-tv4-k75,33.510912,-86.799954,Outpatient Care Centers,Birmingham,AL,35233,300 22nd St S,572.0,206.0,False,1736.0,US,7176.0,0.3194764496,0.4598970516,0.0002070274848,0.001793820906
zzw-225@8gm-nsg-qj9,34.693709,-86.57343,Medical and Diagnostic Laboratories,Huntsville,AL,35801,250 Chateau Dr SW Ste 120,5647.0,2890.0,False,22596.0,US,69711.0,1.210576757,1.456731751,0.001975781297,0.01707502866
223-224@8gm-t5w-yy9,34.163413,-86.837487,Home Health Care Services,Cullman,AL,35055,1311 2nd Ave SW,1851.0,1404.0,False,2373.0,US,23214.0,0.4735078654,0.6208544909,0.0006685483538,0.005788176593
zzw-223@8f3-ggc-fmk,30.638437,-88.226581,Other Amusement and Recreation Industries,Mobile,AL,36695,2502 Schillinger Rd S,3807.0,1138.0,False,4064.0,US,47079.0,0.1909671849,0.2314995694,0.001340181128,0.01162593787
225-222@8gm-rbg-bkz,34.438375,-85.726694,Home Health Care Services,Fort Payne,AL,35967,500 Grand Ave SW,105.0,105.0,False,593.0,US,1298.0,0.02478082461,0.03259191391,3.72917173e-05,0.0003196811728
225-222@5pm-h25-ty9,34.729465,-86.788307,Other Amusement and Recreation Industries,Madison,AL,35756,12060 County Line Rd,100.0,100.0,False,303.0,US,1248.0,0.005073590034,0.006143249434,3.565147881e-05,0.0003087070164
zzw-222@8gm-nfs-8jv,34.007386,-86.006892,General Medical and Surgical Hospitals,Gadsden,AL,35901,418 S 5th St,442.0,430.0,False,1133.0,US,5465.0,0.01682387439,0.02752527427,0.0001523694151,0.001333522698
224-222@8gh-x7g-fvf,31.223776,-85.430629,Traveler Accommodation,Dothan,AL,36301,3038 Ross Clark Cir,321.0,218.0,False,944.0,US,3970.0,0.01515443685,0.01965400547,0.0001148169844,0.0009916485232
223-226@5pm-mtb-zzz,34.72067,-86.578949,Specialty (except Psychiatric and Substance Abuse) Hospitals,Huntsville,AL,35801,930 Franklin St SE,529.0,315.0,False,1147.0,US,6544.0,0.02429050674,0.06021021749,0.0001859774006,0.001618336316
222-223@8gk-ttx-8vz,33.437306,-86.726219,Traveler Accommodation,Birmingham,AL,35243,8 Perimeter Park S,693.0,298.0,False,3628.0,US,8617.0,0.03205525438,0.04158673997,0.0002468137597,0.002130893582
223-223@8gn-6qw-ct9,32.699564,-87.593811,Traveler Accommodation,Greensboro,AL,36744,1302 State St,66.0,66.0,False,1137.0,US,802.0,0.002982634104,0.003874952727,2.260761774e-05,0.0001973986865
222-226@5pm-mt3-ckf,34.720696,-86.607805,Drinking Places (Alcoholic Beverages),Huntsville,AL,35805,2620 Clinton Ave W,1301.0,989.0,False,7040.0,US,16092.0,0.09769638921,0.146783723,0.0004602672895,0.003967798848
222-222@8gh-x28-tjv,31.357325,-85.289773,Child Day Care Services,Headland,AL,36345,2506 State Highway 134 E,172.0,94.0,False,1217.0,US,2137.0,0.02945654819,0.03094830411,6.189620103e-05,0.0005314566693
224-222@8gk-tvb-4gk,33.493448,-86.811789,Child Day Care Services,Birmingham,AL,35205,1137 10th Pl S,102.0,41.0,False,666.0,US,1265.0,0.01648859936,0.01735489157,3.662874533e-05,0.0003153727976
222-222@8gk-sgd-sdv,33.180206,-86.251015,Restaurants and Other Eating Places,Sylacauga,AL,35150,911 N Broadway Ave,2018.0,1457.0,False,337.0,US,24996.0,0.02273099429,0.03778042439,0.0007200172276,0.006225763178
zzy-222@8gm-pk5-35z,34.156335,-85.694338,Restaurants and Other Eating Places,Centre,AL,35960,Main St,310.0,241.0,False,1911.0,US,3796.0,0.0034549302,0.005760137465,0.0001085219601,0.000947482014
zzy-222@8f3-nxx-yvz,30.374164,-87.681038,Restaurants and Other Eating Places,Foley,AL,36535,2601 Smckenzie St Ste 442,305.0,200.0,False,289.0,US,3796.0,0.003401003476,0.005659465773,0.0001089034125,0.000944341696
226-222@8f3-kyx-zvf,30.403122,-88.249289,Restaurants and Other Eating Places,Bayou La Batre,AL,36509,13817 Shell Belt Rd,101.0,76.0,True,1236.0,US,1232.0,0.000958414399,0.001604955997,3.260050592e-05,0.0002906518169
228-224@8f5-67d-f2k,30.293193,-87.627955,Restaurants and Other Eating Places,Orange Beach,AL,36561,4720 Main St Ste M101,567.0,473.0,False,1665.0,US,7180.0,0.006323162638,0.0106823489,0.0002057863798,0.001801021672
222-222@5pm-mvn-bkz,34.829778,-86.572275,Restaurants and Other Eating Places,Meridianville,AL,35759,11007 Highway 231 431 N,28.0,20.0,False,337.0,US,354.0,0.0002929554805,0.0004882138107,9.690083198e-06,8.428896213e-05
zzw-229@8gm-znk-cyv,32.378183,-86.302766,Restaurants and Other Eating Places,Montgomery,AL,36104,445 Dexter Ave Ste 1010,3091.0,1245.0,False,11972.0,US,38083.0,0.0342476506,0.05655497978,0.001060249918,0.009228774832
225-225@8gn-9sh-dy9,33.196536,-87.527083,Restaurants and Other Eating Places,Tuscaloosa,AL,35404,1800 McFarland Blvd E,1905.0,1582.0,False,1127.0,US,23526.0,0.02145269876,0.03563546581,0.0006797381522,0.005864470871
222-222@8gm-t6g-p35,34.156064,-86.837353,Restaurants and Other Eating Places,Cullman,AL,35055,1720 Cherokee Ave SW,1743.0,1249.0,False,1032.0,US,21620.0,0.01936576971,0.03236500331,0.0006338710119,0.005476271169
222-223@5pm-h4b-h5z,34.743373,-86.767408,Waste Management and Remediation Services,Madison,AL,35758,951 Balch Rd,25.0,25.0,False,140.0,US,299.0,0.005468162481,0.00633649636,8.051611484e-06,7.113042004e-05
223-223@5pm-h2n-n89,34.691942,-86.785828,Restaurants and Other Eating Places,Madison,AL,35758,820 Palmer Rd,1231.0,686.0,False,700.0,US,15256.0,0.01636860632,0.02226899129,0.0004393471107,0.003793588425
223-222@8f3-jfb-7nq,30.676406,-87.829943,Restaurants and Other Eating Places,Spanish Fort,AL,36527,10304 US Highway 31,507.0,203.0,False,750.0,US,6231.0,0.00652471856,0.008911356096,0.0001746310612,0.001532371212
zzy-222@8gk-xbs-k4v,32.788329,-86.871387,Building Equipment Contractors,Maplesville,AL,36750,15360 Alabama Hwy,203.0,62.0,False,1636.0,US,2536.0,0.03195986742,0.03451216479,7.351326129e-05,0.0006353159089
224-222@8gk-twk-jqf,33.396147,-86.806617,Building Equipment Contractors,Hoover,AL,35216,1634A Montgomery Hwy,123.0,103.0,False,314.0,US,1530.0,0.01913887077,0.02068135037,4.395766787e-05,0.0003794557713
222-224@8f3-gbf-hqz,30.592216,-88.224727,Other Specialty Trade Contractors,Mobile,AL,36619,4821 Schillinger Rd S,58.0,58.0,False,370.0,US,738.0,0.007403426352,0.008440344638,2.179691311e-05,0.000186162414
zzw-225@5pm-mtd-7nq,34.735518,-86.627967,Restaurants and Other Eating Places,Huntsville,AL,35816,4000 University Dr NW,492.0,463.0,False,203.0,US,6091.0,0.006567575184,0.008930206217,0.0001757883331,0.001520195028
225-222@8gn-g6r-75z,32.425406,-85.69429,Other Specialty Trade Contractors,Tuskegee,AL,36083,401 Fonville St,214.0,194.0,False,862.0,US,2640.0,0.02424671206,0.02762777166,7.380465484e-05,0.0006477507296
zzy-222@8f4-6g4-94v,31.10745,-87.476921,Restaurants and Other Eating Places,Atmore,AL,36502,108 N Wind Riv Rd,50.0,46.0,False,272.0,US,615.0,0.0006878545345,0.0009325712059,1.834401376e-05,0.0001578217944
227-222@8f3-fv9-fj9,30.693556,-88.041106,Printing and Related Support Activities,Mobile,AL,36602,54 N Royal St Ste 56,899.0,468.0,False,2575.0,US,11182.0,0.1165622532,0.142621878,0.0003147467836,0.002706003379
228-222@8gm-v9k-7yv,33.62975,-85.804479,Restaurants and Other Eating Places,Anniston,AL,36207,1529 Greenbrier Dear Rd,635.0,515.0,False,364.0,US,7895.0,0.00844537188,0.01149380339,0.0002267596589,0.001966699636
223-222@8gm-5sp-y5f,33.689995,-86.683192,Restaurants and Other Eating Places,Pinson,AL,35126,4520 Pinson Blvd,767.0,629.0,False,478.0,US,9503.0,0.01020714626,0.01388563169,0.0002736521509,0.00236595462
222-224@8gn-9rd-85f,33.118515,-87.552938,Restaurants and Other Eating Places,Tuscaloosa,AL,35405,9730 Highway 69 S,16.0,13.0,False,139.0,US,202.0,0.0002160018949,0.0002928691042,5.785549486e-06,4.927421713e-05
224-222@8gh-vym-j9z,31.796795,-85.975549,Printing and Related Support Activities,Troy,AL,36081,708 S 3Notch St,59.0,47.0,False,548.0,US,741.0,0.00828268561,0.01019472765,2.200068379e-05,0.0001879531733
zzw-222@5pm-gkn-psq,34.537324,-86.91257,Restaurants and Other Eating Places,Decatur,AL,35603,3219 Point Mallard Pkwy SE,532.0,494.0,False,412.0,US,6597.0,0.007141869274,0.009703289656,0.0001910877483,0.001649954447
223-222@5pn-6q7-nbk,34.739882,-87.621401,Other Miscellaneous Manufacturing,Muscle Shoals,AL,35661,334 E Washington Dr,133.0,61.0,False,4057.0,US,1666.0,0.01022680028,0.01103786433,4.782458537e-05,0.0004117856081
224-222@8gh-tmw-w8v,31.30668,-85.822342,Amusement Parks and Arcades,Enterprise,AL,36330,1505 E Park Ave,1130.0,735.0,False,9080.0,US,13992.0,0.1536520137,0.197083494,0.0004082900988,0.003541830344
222-222@8f3-g5j-hkf,30.7264,-88.060716,Other Miscellaneous Manufacturing,Mobile,AL,36610,501 Stimrad Rd,195.0,151.0,False,5914.0,US,2416.0,0.01515462894,0.01634369456,6.920133897e-05,0.0005983153202
zzw-224@8gk-yhn-f2k,33.345815,-86.849822,Other Amusement and Recreation Industries,Hoover,AL,35244,1031 Brocks Gap Pkwy Ste 265,2649.0,1448.0,False,5319.0,US,32843.0,0.133154556,0.1612200625,0.0009395372438,0.008129539548
222-222@8f3-nyj-45f,30.391372,-87.683752,Restaurants and Other Eating Places,Foley,AL,36535,1350 S McKenzie St,392.0,236.0,False,283.0,US,4820.0,0.005253693648,0.007136891569,0.0001401019333,0.001216080585
zzw-222@8gn-kbm-8qf,32.84505,-85.182587,Restaurants and Other Eating Places,Valley,AL,36854,2901 20th Ave,17.0,13.0,False,259.0,US,219.0,0.0002519546836,0.0003407006998,6.45977347e-06,5.684392648e-05
222-222@8gn-nkg-5vf,32.316095,-86.221242,Other Miscellaneous Manufacturing,Montgomery,AL,36116,2075 Exchange St,121.0,40.0,False,4030.0,US,1491.0,0.007769617377,0.00843729728,4.159512755e-05,0.0003658283353
225-222@5pm-mt4-yjv,34.695671,-86.58411,Home Furnishings Stores,Huntsville,AL,35801,3502B Memorial Pkwy SW,175.0,153.0,False,859.0,US,2174.0,0.04694780905,0.05025175691,6.239731734e-05,0.0005407970031
223-222@8f3-fw8-wc5,30.595855,-88.171734,Other Amusement and Recreation Industries,Mobile,AL,36619,4570 Hermitage Ave,175.0,70.0,False,423.0,US,2167.0,0.008921627354,0.01080204483,6.259161502e-05,0.000543003106
zzw-224@8gk-yhn-jqf,33.356194,-86.854867,Restaurants and Other Eating Places,Hoover,AL,35244,5250 Medford Dr Ste 102,19.0,17.0,False,138.0,US,231.0,0.0002361644559,0.0003230469827,6.549854365e-06,5.659883235e-05
223-222@8gm-tmy-4gk,33.973522,-86.016459,Building Material and Supplies Dealers,Gadsden,AL,35901,2104 Rainbow Dr,128.0,112.0,False,286.0,US,1570.0,0.02492917177,0.02638243776,4.381545895e-05,0.0003875265538
225-222@8gk-tv6-c89,33.528659,-86.782491,Building Material and Supplies Dealers,Birmingham,AL,35222,415 37th St N,68.0,64.0,False,1348.0,US,841.0,0.01319236953,0.01398332649,2.354007268e-05,0.0002043039039
zzy-222@8gm-q23-nwk,34.21752,-85.606913,Restaurants and Other Eating Places,Cedar Bluff,AL,35959,4900 Highway 68,1768.0,720.0,True,1236.0,US,21935.0,0.06599238319,0.08152609879,0.0006301763903,0.005435696065
224-222@5pn-6qy-z75,34.753801,-87.66723,Clothing Stores,Muscle Shoals,AL,35661,711 Woodward Ave,191.0,191.0,False,431.0,US,2351.0,0.008439330909,0.01143929411,6.802470178e-05,0.0005876054716
224-222@8f3-ftf-b8v,30.688509,-88.106424,Restaurants and Other Eating Places,Mobile,AL,36606,2754 Dauphin St,122.0,76.0,False,191.0,US,1490.0,0.004773280263,0.005871126994,4.280819157e-05,0.0003624460648
222-222@8f3-ftf-vvf,30.687791,-88.124571,Traveler Accommodation,Mobile,AL,36606,1 E I65 Service Rd S,414.0,308.0,False,1736.0,US,5178.0,0.01930600902,0.02507820554,0.0001479064937,0.001288218969
222-222@8gn-4fk-whq,31.834292,-86.599339,Automotive Repair and Maintenance,Greenville,AL,36037,1607 E Commerce St,80.0,65.0,False,404.0,US,997.0,0.210834069,0.2164774024,2.833036592e-05,0.0002498680881
22d-223@5pm-mkk-ty9,34.76667,-86.454023,"Newspaper, Periodical, Book, and Directory Publishers",Huntsville,AL,35811,1001 Ryland Pike Ste I,174.0,51.0,False,961.0,US,2164.0,0.09360199584,0.1007640155,6.26386315e-05,0.000540438446
223-222@8gm-5sp-y35,33.688967,-86.683219,Electronic and Precision Equipment Repair and Maintenance,Pinson,AL,35126,4439 Pinson Blvd,1886.0,1373.0,False,382.0,US,23355.0,0.2826806451,0.3098643146,0.0006748959812,0.005829175565
225-223@8f3-g9z-xwk,30.538876,-88.183041,Personal and Household Goods Repair and Maintenance,Theodore,AL,36582,6006 Highway 90,114.0,105.0,False,442.0,US,1426.0,0.1135153917,0.1143333725,4.068350719e-05,0.000352676581
zzy-223@8gh-tnh-389,31.045208,-85.89187,"Accounting, Tax Preparation, Bookkeeping, and Payroll Services",Enterprise,AL,36331,1204 W Magnolia,1425.0,590.0,True,1236.0,US,17883.0,0.1091240993,0.1684888041,0.0005122840361,0.004438250553
222-223@5pn-6qr-fmk,34.74176,-87.66728,"Accounting, Tax Preparation, Bookkeeping, and Payroll Services",Muscle Shoals,AL,35661,2206 Woodward Ave,498.0,450.0,False,603.0,US,6170.0,0.03877290699,0.05944076457,0.0001777209565,0.001540194587
zzw-222@8f5-5sf-wtv,30.412343,-87.611567,Drinking Places (Alcoholic Beverages),Elberta,AL,36530,24230 US Highway 98,293.0,257.0,False,1268.0,US,3643.0,0.02320272185,0.03458749566,0.0001052974658,0.0009107752514
zzy-224@8gk-trr-p35,33.347295,-86.790104,"Accounting, Tax Preparation, Bookkeeping, and Payroll Services",Pelham,AL,35124,2057 Valleydale Rd,1271.0,1159.0,False,1237.0,US,15892.0,0.09844417455,0.151393671,0.0004566427061,0.003952874275
222-222@8gn-j4z-tjv,32.492882,-85.147676,"Accounting, Tax Preparation, Bookkeeping, and Payroll Services",Phenix City,AL,36870,542 Lee Road 197 Lot 6,92.0,81.0,False,265.0,US,1147.0,0.007385951594,0.01126729466,3.321184934e-05,0.0002851567026
zzy-223@8gm-nsn-zzz,34.648949,-86.568144,Personal Care Services,Huntsville,AL,35810,9070 Memorial Pkwy NW Ste 260,26282.0,10609.0,False,136290.0,US,325972.0,36.535880557,36.550660721,0.009358089929,0.08105499458
zzw-223@8gm-3rn-f2k,33.843166,-87.253793,Personal Care Services,Jasper,AL,35501,1801 Highway 78 E,21159.0,7932.0,False,18697.0,US,262480.0,1.468115955,1.508674169,0.007587139497,0.06548813937
222-222@8gm-htj-mff,33.602095,-85.834783,"Accounting, Tax Preparation, Bookkeeping, and Payroll Services",Oxford,AL,36203,1700 AL Highway 21 S,171.0,135.0,False,916.0,US,2112.0,0.01347937438,0.02060475228,6.108915312e-05,0.0005280757469
223-222@8gm-mry-mrk,34.267406,-86.212046,"Accounting, Tax Preparation, Bookkeeping, and Payroll Services",Albertville,AL,35950,203 S Hambrick St,70.0,70.0,False,529.0,US,872.0,0.004686656519,0.007353306746,2.416524465e-05,0.0002139201337
222-22c@8f3-fv7-pqf,30.692672,-88.078411,Personal Care Services,Mobile,AL,36604,1700 Spring Hill Ave,1241.0,824.0,False,2621.0,US,15255.0,0.2676352234,0.4154343697,0.0004291010165,0.003737421856
zzw-222@8gk-ttw-yn5,33.432163,-86.737791,Personal Care Services,Birmingham,AL,35243,4704 Cahaba River Rd Ste A1,437.0,396.0,False,3392.0,US,5423.0,0.1080726388,0.1608793544,0.0001534527485,0.0013162299
zzw-223@8gn-jq5-3h5,32.270937,-84.999467,Personal Care Services,Fort Mitchell,AL,36856,1095 Al Ste C,27.0,16.0,False,555.0,US,343.0,0.001707254733,0.00195473857,9.784013234e-06,8.460164021e-05
zzw-223@8gk-tv4-kxq,33.511187,-86.803116,Restaurants and Other Eating Places,Birmingham,AL,35233,125 20th St S,409.0,326.0,False,443.0,US,5054.0,0.004510588172,0.007519985763,0.0001449001709,0.001259911597
22b-222@8f3-ftm-85f,30.660592,-88.164165,"Architectural, Engineering, and Related Services",Mobile,AL,36609,820 S University Blvd Ste 2G,18.0,18.0,False,559.0,US,224.0,0.004215066274,0.006746084361,6.383728746e-06,5.580914776e-05
223-223@8gk-tc6-4sq,33.581785,-86.710363,Personal Care Services,Birmingham,AL,35206,8912 Parkway E,92.0,92.0,False,131.0,US,1138.0,0.006053719737,0.006900627373,3.292249386e-05,0.0002855467723
223-222@8gk-tv2-wkz,33.504704,-86.798789,Restaurants and Other Eating Places,Birmingham,AL,35205,801 20th St S,126.0,107.0,False,141.0,US,1562.0,0.001431021669,0.002379657188,4.5086914e-05,0.0003911541812
22q-222@5pm-fqn-249,34.790059,-86.976522,Personal Care Services,Athens,AL,35611,643 US Highway 72 W,951.0,378.0,True,1236.0,US,11943.0,0.0601867898,0.06880255677,0.0003426099916,0.002954418414
222-222@5pm-gxd-p35,34.424754,-86.929371,Restaurants and Other Eating Places,Hartselle,AL,35640,1901 Highway 31 SW,438.0,361.0,False,456.0,US,5435.0,0.004918129478,0.008192895784,0.0001569268786,0.001360380744
zzw-222@8gh-ysf-r8v,31.055324,-85.909457,Death Care Services,Geneva,AL,36340,2744 W Magnolia Ave,132.0,108.0,False,1382.0,US,1650.0,0.3449689891,0.3470787967,4.742860871e-05,0.0004102756526
zzy-222@8f6-cgg-73q,33.884801,-88.165452,Death Care Services,Sulligent,AL,35586,Bankhead St,231.0,84.0,True,1236.0,US,2870.0,0.03547022457,0.03925746013,8.322425918e-05,0.0007185150162
22n-225@8gk-tv4-59f,33.51582,-86.80632,"Advertising, Public Relations, and Related Services",Birmingham,AL,35203,209 20th St N,1504.0,925.0,False,5230.0,US,18496.0,0.3846355231,0.4937747591,0.000527465493,0.00463121644
223-222@8gn-9sh-mzf,33.20689,-87.533573,Restaurants and Other Eating Places,Tuscaloosa,AL,35401,205 University Blvd E,1150.0,931.0,False,657.0,US,14406.0,0.01317446693,0.02187638913,0.0004179199608,0.003590128356
zzy-222@8gn-kmr-cqz,32.665014,-85.489605,Death Care Services,Auburn,AL,36830,State Highway 147 @ Farmville Rd,74.0,74.0,True,1236.0,US,958.0,0.01099142223,0.01216632139,2.680871531e-05,0.0002314993371
226-222@8gm-hvb-tgk,33.615194,-85.825285,Travel Arrangement and Reservation Services,Oxford,AL,36203,653 Snow St,1606.0,889.0,True,1236.0,US,19989.0,0.978418301,1.068078783,0.000574935978,0.004978290567
228-222@5pn-676-4qf,34.505301,-87.729163,Drycleaning and Laundry Services,Russellville,AL,35653,115 Franklin St NW,188.0,147.0,False,775.0,US,2344.0,0.03595555836,0.03931205671,6.8177056e-05,0.0005869062492
228-222@5pm-jxd-kmk,34.481775,-87.2914,Investigation and Security Services,Moulton,AL,35650,14369 Court St,167.0,117.0,False,384.0,US,2077.0,0.03800964539,0.05072995984,5.954558544e-05,0.0005155984796
zzy-222@8f3-fv9-fxq,30.691796,-88.039922,Other Personal Services,Mobile,AL,36602,155 Church St,7609.0,3920.0,False,19399.0,US,94438.0,2.844461011,5.661854207,0.00268975512,0.02316734621
22c-223@8gk-tsz-kxq,33.447743,-86.84554,Services to Buildings and Dwellings,Birmingham,AL,35209,131 Citation Ct,186.0,167.0,False,2187.0,US,2343.0,0.01124530388,0.01341659511,6.825133746e-05,0.0005849499223
227-222@8f3-p2r-rc5,30.516713,-87.903574,Religious Organizations,Fairhope,AL,36532,300 S Section St,479.0,219.0,False,4723.0,US,6055.0,0.01909401008,0.02230110332,0.0001845735205,0.001548094402
226-223@5pm-mtk-8y9,34.754303,-86.692873,Restaurants and Other Eating Places,Huntsville,AL,35806,445 Providence Main St NW Ste 101,16.0,14.0,False,704.0,US,201.0,0.0001786939183,0.00029743359,5.743498365e-06,4.955993427e-05
zzy-222@8gm-ycm-w6k,32.050259,-86.223573,Restaurants and Other Eating Places,Ramer,AL,36069,4879 State Highway 94,222.0,51.0,False,221.0,US,2753.0,0.002461961777,0.004107809524,7.932337241e-05,0.0006873200449
223-223@8gk-tv9-td9,33.496043,-86.802574,Religious Organizations,Birmingham,AL,35205,1515 12th Ave S,230.0,161.0,False,4064.0,US,2868.0,0.009735718323,0.0113912182,8.42121956e-05,0.0007204202386
zzy-222@5pm-h2k-t9z,34.675037,-86.760366,Automotive Repair and Maintenance,Madison,AL,35758,Westchester Dr,143.0,109.0,False,812.0,US,1774.0,0.005620686212,0.006904062405,5.131284805e-05,0.0004464771779
zzw-222@8gn-24s-w49,32.329364,-86.25858,Automotive Repair and Maintenance,Montgomery,AL,36116,2415 E South Blvd,688.0,395.0,False,5350.0,US,8527.0,0.02682252025,0.03296605649,0.0002459093405,0.002124911425
224-222@8gk-tv2-6kz,33.510414,-86.786511,Restaurants and Other Eating Places,Birmingham,AL,35233,744 29th St S,245.0,228.0,False,317.0,US,3017.0,0.002660250415,0.004438726382,8.663346914e-05,0.0007532334736
zzw-226@8gm-mrs-4y9,34.275926,-86.207012,Religious Organizations,Albertville,AL,35950,204 Bolinger St,114.0,52.0,False,524.0,US,1409.0,0.004954380092,0.00579940813,4.091016033e-05,0.0003534251753
zzy-222@8f4-bnq-nqz,32.207329,-88.044241,Religious Organizations,Pennington,AL,36916,495 Old Lck Rd,299.0,69.0,True,1236.0,US,3694.0,0.01276628424,0.01495646922,0.0001063466463,0.0009258676548
zzy-223@8f5-5q8-4vz,30.412784,-87.598809,Religious Organizations,Elberta,AL,36530,12891 Main St,107.0,28.0,False,779.0,US,1337.0,0.004547926359,0.005323987692,3.910492802e-05,0.0003355508771
223-222@8f3-g9b-dn5,30.765875,-88.075619,Religious Organizations,Chickasaw,AL,36611,251 N Craft Hwy,26.0,26.0,False,511.0,US,320.0,0.0009454434599,0.001107167274,9.637983592e-06,8.043664792e-05
222-222@5pm-fpv-vpv,34.782863,-86.937003,Restaurants and Other Eating Places,Athens,AL,35611,1529 US Highway 72 E,2658.0,1997.0,False,549.0,US,33121.0,0.03492634343,0.04755595104,0.0009496451718,0.00820551778
224-225@8gk-tv2-2hq,33.51284,-86.79078,Restaurants and Other Eating Places,Birmingham,AL,35233,2721 5th Ave S,322.0,200.0,False,992.0,US,4014.0,0.004212387318,0.005745252231,0.0001153857776,0.0009933002301
224-222@8f3-p2x-q9f,30.529815,-87.898255,Religious Organizations,Fairhope,AL,36532,349 Fairwood Blvd,264.0,222.0,False,1261.0,US,3280.0,0.01178644485,0.01381305307,9.313205439e-05,0.0008099863392
222-223@8gn-23s-4n5,32.369186,-86.349423,Restaurants and Other Eating Places,Montgomery,AL,36108,3801 Day St,747.0,488.0,False,867.0,US,9234.0,0.00978011732,0.01332325668,0.0002643585554,0.002293628185
zzw-223@8gh-wnc-p9z,31.19153,-85.387875,Restaurants and Other Eating Places,Dothan,AL,36301,1912 Ross Clark Cir,212.0,186.0,False,325.0,US,2626.0,0.002829225516,0.003847859189,7.584507748e-05,0.000656057092
zzy-224@8gm-5c7-9vf,34.050679,-86.872656,Restaurants and Other Eating Places,Hanceville,AL,35077,426 Al-69,3778.0,2970.0,False,2913.0,US,46742.0,0.05009798883,0.06819329827,0.001343527197,0.01164499113
225-222@8f3-fv9-3wk,30.687792,-88.050157,Restaurants and Other Eating Places,Mobile,AL,36602,658 Government St,1415.0,1121.0,False,475.0,US,17587.0,0.01899361012,0.02580819498,0.0005081141579,0.00438522956
222-226@5pm-mpy-28v,34.846066,-86.710463,Restaurants and Other Eating Places,Harvest,AL,35749,5850 Highway 53,351.0,306.0,False,137.0,US,4352.0,0.004667524264,0.006348405211,0.0001253192144,0.001083839336
222-222@8gn-9rr-hwk,33.207449,-87.570863,"Justice, Public Order, and Safety Activities",Tuscaloosa,AL,35401,600 Lurleen B Wallace Blvd S,57.0,57.0,False,259.0,US,703.0,0.01893652489,0.0274860344,1.964127259e-05,0.0001721706961
228-222@8f3-ftn-5fz,30.673716,-88.121362,Restaurants and Other Eating Places,Mobile,AL,36606,3215C Bel Air Mall,205.0,140.0,False,193.0,US,2540.0,0.002709448197,0.003689030462,7.306400334e-05,0.0006343225071
223-222@8gk-wcf-4qf,33.552099,-86.268994,"Justice, Public Order, and Safety Activities",Pell City,AL,35128,2710 J T Morton Dr,19.0,11.0,False,261.0,US,237.0,0.009941485201,0.01052748359,6.759949686e-06,5.926373855e-05
222-222@8gm-znm-dgk,32.374481,-86.297551,Administration of Economic Programs,Montgomery,AL,36104,301 S Ripley St,1314.0,725.0,False,10584.0,US,16155.0,0.6572809297,0.7904227432,0.0004529138842,0.003960515837
zzw-223@8gn-7gh-8gk,33.240921,-87.592315,Administration of Economic Programs,Northport,AL,35476,3500 McFarland Blvd,36.0,30.0,False,3497.0,US,446.0,0.01797399159,0.02172358405,1.253282183e-05,0.0001097150353
22h-222@5pm-gts-8d9,34.596167,-86.979909,Restaurants and Other Eating Places,Decatur,AL,35601,806 6th Ave SE,167.0,33.0,False,174.0,US,2055.0,0.002176286805,0.002966769426,5.704060126e-05,0.0005003700675
22c-225@8f3-fv9-52k,30.689662,-88.048568,Restaurants and Other Eating Places,Mobile,AL,36602,518 Dauphin St,42.0,37.0,False,255.0,US,512.0,0.0005380052698,0.0007348562954,1.467894743e-05,0.0001278526546
zzw-222@5pm-mtn-syv,34.755622,-86.711274,Restaurants and Other Eating Places,Huntsville,AL,35806,7086 Highway 72 W,197.0,190.0,False,139.0,US,2437.0,0.007317157897,0.009045429116,7.030293352e-05,0.0006064621764
229-222@8gk-tqq-jjv,33.407572,-86.630084,Restaurants and Other Eating Places,Birmingham,AL,35242,42 Manning Pl,194.0,123.0,False,185.0,US,2417.0,0.007312028151,0.009040514003,6.988039951e-05,0.0006076407735
222-226@8gk-wwb-sbk,33.438428,-86.080184,Automotive Repair and Maintenance,Talladega,AL,35160,214 Haynes St,7713.0,3112.0,False,14886.0,US,96017.0,0.3349323675,0.347182008,0.002779540559,0.02401503321
zzw-222@8gh-vfd-68v,31.103613,-85.686845,Automotive Repair and Maintenance,Hartford,AL,36344,601 Dothan Hwy,158.0,106.0,False,881.0,US,1973.0,0.006174329825,0.007580081661,5.657069842e-05,0.00048848466
223-222@8gk-tsr-q4v,33.462981,-86.820084,Automotive Repair and Maintenance,Homewood,AL,35209,436 Green Springs Hwy,69.0,60.0,False,554.0,US,856.0,0.003055412719,0.003166997647,2.470359987e-05,0.0002130760318
223-222@8gm-ms3-789,34.274845,-86.203625,Automotive Repair and Maintenance,Albertville,AL,35950,501 Glover St,75.0,60.0,False,317.0,US,920.0,0.002712885948,0.00334628051,2.558239438e-05,0.0002301172549
zzw-222@8gk-yjp-49z,33.251704,-86.815083,Automotive Repair and Maintenance,Alabaster,AL,35007,701 1st St N,314.0,242.0,False,2039.0,US,3846.0,0.01165342372,0.01432263907,0.0001093064936,0.0009420028648
222-222@8gh-vyr-66k,31.784496,-85.953838,Death Care Services,Troy,AL,36081,707 S George Wallace Dr,46.0,46.0,False,520.0,US,568.0,0.01725335229,0.01806750976,1.569766912e-05,0.0001380335809
222-222@8gm-y2p-ysq,32.426374,-87.05648,Administration of Human Resource Programs,Selma,AL,36701,120 Executive Park Ln,117.0,108.0,False,1378.0,US,1447.0,0.8617061115,0.8617061115,4.080751491e-05,0.0003554015426
22c-222@8gm-qqp-5fz,34.591896,-86.057736,Electronic and Precision Equipment Repair and Maintenance,Scottsboro,AL,35769,450 Industrial Park Dr,448.0,261.0,True,1236.0,US,5514.0,0.06641130264,0.07288508703,0.0001583688944,0.001375933481
26f-222@5pm-mt5-435,34.697595,-86.585344,Electronic and Precision Equipment Repair and Maintenance,Huntsville,AL,35801,3322 Memorial Pkwy SW Ste 505,220.0,205.0,False,2257.0,US,2740.0,0.03284254773,0.03589718648,7.914047294e-05,0.0006821260696
229-222@8gm-zc5-st9,32.459792,-86.475476,Personal Care Services,Prattville,AL,36067,177 W Main St,363.0,337.0,False,488.0,US,4485.0,0.007297316371,0.01113606003,0.0001254695098,0.001108981678
222-22c@5pm-mv7-ct9,34.737448,-86.648433,Personal and Household Goods Repair and Maintenance,Huntsville,AL,35816,4710 University Dr NW,206.0,171.0,False,114.0,US,2540.0,0.2676716951,0.2772673602,7.311212681e-05,0.0006316405101
223-225@8gk-wc9-z4v,33.538415,-86.28489,Personal Care Services,Cropwell,AL,35054,3440 Martin St S Ste 14,173.0,37.0,False,2487.0,US,2159.0,0.003714942386,0.005627811894,6.328249312e-05,0.0005417604164
226-224@8gn-9sm-ct9,33.206074,-87.506954,Personal Care Services,Tuscaloosa,AL,35404,2337 University Blvd E,141.0,115.0,False,325.0,US,1744.0,0.002906894514,0.004425909103,4.985574724e-05,0.0004344247783
zzw-225@8f3-g6v-vs5,30.81892,-88.07051,Personal Care Services,Saraland,AL,36571,118A Saraland Blvd S,172.0,156.0,False,680.0,US,2116.0,0.003559847099,0.005414903646,5.943232307e-05,0.000524629085
225-22t@8gn-nhs-sh5,32.385417,-86.205958,Personal Care Services,Montgomery,AL,36117,1000 Eastdale Mall,363.0,218.0,False,288.0,US,4495.0,0.02547982784,0.02619194998,0.0001298006951,0.00112855488
22p-225@8gk-tvc-kpv,33.484178,-86.773481,Personal Care Services,Mountain Brk,AL,35223,2721 Cahaba Rd,425.0,347.0,False,526.0,US,5261.0,0.008981587689,0.01363763617,0.0001511133709,0.001310914009
22j-222@8f3-ftc-vvf,30.696594,-88.143225,Personal Care Services,Mobile,AL,36608,4407 Old Shell Rd Ste D,87.0,79.0,False,546.0,US,1076.0,0.0302537277,0.04212816569,3.270824767e-05,0.000276300214
228-222@8gm-tn5-pd9,33.953437,-86.039693,Personal Care Services,Rainbow City,AL,35906,117 E Grand Ave,51.0,51.0,False,96.0,US,630.0,0.003181805082,0.003630460975,1.7577977e-05,0.0001531697349
zzw-223@8gn-kkn-7yv,32.639778,-85.39556,Personal Care Services,Opelika,AL,36801,1622 Pepperell Pkwy,201.0,187.0,False,1107.0,US,2493.0,0.01322416098,0.01508438713,7.218688492e-05,0.0006243954853
22h-222@8f3-zjk-3t9,31.104398,-87.072183,Personal Care Services,Brewton,AL,36426,127 Saint Joseph Ave,603.0,440.0,False,4356.0,US,7462.0,0.03830286073,0.04379288358,0.0002130487252,0.001845506369
zzw-222@8f3-gd5-pd9,30.546119,-88.246966,Death Care Services,Theodore,AL,36582,8691 Old Pascagoula Rd,205.0,182.0,False,2641.0,US,2544.0,0.03142421246,0.0347937946,7.355357509e-05,0.0006352777656
224-222@8f3-ftk-2x5,30.652823,-88.139312,Drycleaning and Laundry Services,Mobile,AL,36609,3921 Cottage Hill Rd,103.0,89.0,False,371.0,US,1276.0,0.01923728902,0.02104245308,3.675306277e-05,0.0003190419949
zzy-222@8f7-fpg-v9f,32.392284,-88.201161,Death Care Services,York,AL,36925,Bragg Rd @ State Highway 17,2.0,1.0,True,1236.0,US,26.0,0.0002649345172,0.000296097992,6.919578558e-07,5.77262507e-06
224-227@8f3-nzk-td9,30.309489,-87.684054,Personal Care Services,Gulf Shores,AL,36542,3947 Gulf Shores Pkwy,597.0,401.0,False,1747.0,US,7385.0,0.01275691057,0.01933132417,0.0002132888964,0.001846124394
222-22c@5pm-mv7-qs5,34.737546,-86.656442,Personal Care Services,Huntsville,AL,35816,4925 University Dr NW,707.0,630.0,False,686.0,US,8762.0,0.01503032749,0.02278259252,0.0002526298732,0.002175998824
226-222@8gh-tq5-q9f,31.313232,-85.853366,Personal Care Services,Enterprise,AL,36330,200 S Main St,280.0,199.0,False,1954.0,US,3476.0,0.005920947258,0.008978432032,0.0001000998617,0.000865756219
zzw-223@8f3-g99-m49,30.804251,-88.073123,Personal Care Services,Saraland,AL,36571,801 Saraland Blvd S,15.0,13.0,False,881.0,US,187.0,0.00029319179,0.0004468002021,5.223799057e-06,4.523261143e-05
zzw-223@8f3-fw4-d5f,30.639918,-88.185094,Bakeries and Tortilla Manufacturing,Mobile,AL,36609,6207 Cottage Hill Rd Ste B,252.0,230.0,False,1523.0,US,3134.0,0.09171351109,0.09870414625,9.170051334e-05,0.0007901156232
224-223@5pm-mtc-fmk,34.720791,-86.589937,Other Wood Product Manufacturing,Huntsville,AL,35801,1107 Monroe St SW,84.0,84.0,False,523.0,US,1051.0,0.2889792753,0.289651453,3.02793894e-05,0.0002601229998
222-223@5pn-29s-hh5,34.143133,-87.990517,Lumber and Other Construction Materials Merchant Wholesalers,Hamilton,AL,35570,210 Bexar Ave W,99.0,46.0,False,1168.0,US,1219.0,1.215625966,1.218592225,3.487434948e-05,0.0003025012055
222-222@8gk-tb9-6tv,33.626084,-86.779795,"Hardware, and Plumbing and Heating Equipment and Supplies Merchant Wholesalers",Birmingham,AL,35217,2501 Cone Dr,100.0,39.0,False,1378.0,US,1244.0,0.02850225013,0.03081234674,3.582839062e-05,0.0003094101654
222-222@8gm-9nk-h89,33.45222,-86.977407,"Automotive Parts, Accessories, and Tire Stores",Hueytown,AL,35023,3010 Allison Bonnett Memorial Dr,17.0,15.0,False,705.0,US,213.0,0.003141326816,0.00329414537,6.27448789e-06,5.228881387e-05
236-222@8f3-g9b-835,30.76114,-88.072988,"Automotive Parts, Accessories, and Tire Stores",Chickasaw,AL,36611,112 Howell St,19.0,19.0,False,187.0,US,246.0,0.006741035264,0.006892866729,6.787008148e-06,5.901533181e-05
zzw-222@8f3-hv4-ht9,30.667647,-87.760104,Furniture Stores,Loxley,AL,36551,30427 County Road 49,117.0,91.0,False,10987.0,US,1459.0,0.01148440146,0.01258577305,4.212208668e-05,0.000363615283
222-225@5pm-gtt-ckf,34.57831,-86.97921,Furniture Stores,Decatur,AL,35601,628 14th St SE,172.0,78.0,False,1291.0,US,2136.0,0.01641016569,0.0180195832,6.115748629e-05,0.0005316302973
222-222@5pm-msy-kvf,34.780457,-86.651168,Building Material and Supplies Dealers,Huntsville,AL,35806,325 Blake Bottom Rd NW,103.0,80.0,False,2068.0,US,1292.0,0.3778338321,0.4011044321,3.789683679e-05,0.0003250554227
zzw-224@8gm-hvf-vmk,33.621593,-85.809342,Lawn and Garden Equipment and Supplies Stores,Anniston,AL,36207,1715 Hillyer Robinson Industrial Pkwy,52.0,52.0,False,1417.0,US,630.0,0.4115833782,0.4131530498,1.746504204e-05,0.0001533918524
223-222@8f3-nzk-qmk,30.298678,-87.68131,Grocery Stores,Gulf Shores,AL,36542,160 Cotton Creek Dr Ste 100,4212.0,2022.0,False,4424.0,US,51989.0,0.1305709911,0.1521180586,0.001502837989,0.01298717529
22c-222@8gm-95j-j7q,33.544303,-86.874675,Grocery Stores,Birmingham,AL,35214,603 Forestdale Blvd,225.0,225.0,False,146.0,US,2773.0,0.008840545127,0.01008365923,7.731915221e-05,0.000680880273
222-222@8f3-hd6-26k,30.827477,-88.356507,Specialty Food Stores,Wilmer,AL,36587,6525 Wilmer Georgetown Rd,157.0,79.0,False,1042.0,US,1931.0,0.3757861552,0.3764343517,5.4110857e-05,0.0004734421364
zzw-222@8gn-kp4-hdv,32.597537,-85.162478,Services to Buildings and Dwellings,Smiths Station,AL,36877,1055 Lee Rd # 424,8.0,2.0,False,268.0,US,98.0,0.0004018302401,0.0004844379947,2.691452658e-06,2.381289186e-05
222-222@8gm-xm8-cbk,32.489144,-86.993136,Services to Buildings and Dwellings,Valley Grande,AL,36703,287 Old Stage Rd,8.0,2.0,True,1236.0,US,103.0,0.0004475842501,0.0005399261552,2.961992646e-06,2.540421642e-05
225-222@5pm-mtx-gkz,34.717964,-86.673734,Specialty Food Stores,Huntsville,AL,35806,355 The Bridge St Ste 115,282.0,229.0,False,80.0,US,3492.0,0.3326193986,0.3438529206,0.0001005890001,0.0008728717447
222-222@8gk-t78-vvf,33.568445,-86.678869,Residential Building Construction,Birmingham,AL,35210,2225 Ruffner Rd,3.0,2.0,False,479.0,US,38.0,0.0003029743601,0.0003333655337,1.098365592e-06,9.484306484e-06
222-223@5pm-h2k-j5f,34.67998,-86.75247,"Beer, Wine, and Liquor Stores",Madison,AL,35758,3764 Sullivan St,335.0,285.0,False,673.0,US,4143.0,0.06711097814,0.07134436286,0.0001191677793,0.001030869641
226-222@5pm-jjv-66k,34.667166,-87.31096,Building Material and Supplies Dealers,Courtland,AL,35618,407 Tennessee St,3.0,3.0,False,759.0,US,40.0,0.0006415739949,0.0006753714543,1.114796546e-06,8.699686811e-06
22j-222@8gm-nfj-fj9,34.012956,-86.002644,Health and Personal Care Stores,Gadsden,AL,35901,319 Broad St,172.0,31.0,False,378.0,US,2128.0,0.002780822238,0.003572409117,5.976169794e-05,0.0005258159552
222-222@8f5-5sy-xwk,30.319299,-87.538029,Personal and Household Goods Repair and Maintenance,Elberta,AL,36530,28542 S Quarry Ln,33.0,3.0,False,228.0,US,410.0,0.04264810081,0.044183916,1.175076177e-05,0.0001012327614
22q-223@8gh-xqc-4y9,31.710846,-85.609319,"Automotive Parts, Accessories, and Tire Stores",Clio,AL,36017,3238 Louisville St,5.0,4.0,False,614.0,US,64.0,0.00081323299,0.0008498082022,1.757911611e-06,1.477599607e-05
zzw-224@8gh-wnv-9mk,31.253355,-85.42389,Health and Personal Care Stores,Dothan,AL,36303,900 Commons Dr,319.0,307.0,False,229.0,US,3968.0,0.05686849898,0.06330094059,0.0001149632047,0.000996664324
zzy-222@5pm-mmb-49z,34.782752,-86.502411,Death Care Services,Huntsville,AL,35811,Spruce Pine Ln,65.0,4.0,False,271.0,US,806.0,0.009864992957,0.01093039317,2.334782882e-05,0.000201846145
zzy-222@8gk-zv7-3kf,32.673996,-86.070753,"Justice, Public Order, and Safety Activities",Eclectic,AL,36024,1221 Middle Rd,4.0,4.0,False,123.0,US,57.0,0.002936857562,0.003223207091,1.922852282e-06,1.47845339e-05
zzw-222@8f3-ftd-xt9,30.688685,-88.116486,Health and Personal Care Stores,Mobile,AL,36606,3055 Dauphin St Ste A,454.0,217.0,False,1216.0,US,5661.0,0.1575357936,0.1699731804,0.0001622533131,0.001394763583
22n-222@8gm-9mx-f9f,33.43052,-86.951504,Consumer Goods Rental,Brighton,AL,35020,3802 Edwards St,5.0,5.0,False,400.0,US,63.0,0.0032404407,0.003434065934,1.669128074e-06,1.271210141e-05
zzw-223@8gk-ttw-yn5,33.432336,-86.737337,Health and Personal Care Stores,Birmingham,AL,35243,4704 Cahaba River Rd,437.0,396.0,False,3392.0,US,5423.0,0.1484986446,0.160382294,0.0001534527485,0.0013162299
228-222@8f3-p2r-p7q,30.522492,-87.902596,Legal Services,Fairhope,AL,36532,21 S Section St,6.0,5.0,False,84.0,US,76.0,4.413052779e-05,0.0004257892821,2.073763363e-06,1.763660665e-05
223-224@8f3-jd7-4sq,30.595048,-87.852691,Building Finishing Contractors,Daphne,AL,36526,25421 State Highway 181,7.0,6.0,False,551.0,US,86.0,0.001009943367,0.001148375475,2.480589595e-06,2.182785911e-05
222-223@8gm-mqy-7bk,34.307847,-86.296653,Gasoline Stations,Guntersville,AL,35976,12985 US Highway 431,1242.0,762.0,False,686.0,US,15417.0,0.01254038422,0.01890903579,0.0004430361316,0.00382659918
222-222@8gm-t4r-ks5,34.205312,-86.80871,Nursing and Residential Care Facilities,Cullman,AL,35058,2021 Dahlke Dr,30.0,8.0,False,2808.0,US,366.0,0.007995601416,0.008906723094,1.067922878e-05,9.23893505e-05
222-222@8gm-p5f-ct9,34.334707,-86.471187,Home Furnishings Stores,Arab,AL,35016,1280 Guntersville Rd,8.0,8.0,False,384.0,US,97.0,0.01820570489,0.01842259914,2.708981535e-06,2.353444752e-05
222-222@8gm-t4p-nbk,34.198955,-86.830127,Gasoline Stations,Cullman,AL,35055,1749 Eva Rd NE,1236.0,922.0,False,11170.0,US,15432.0,0.01282678163,0.01929954572,0.0004473441586,0.003861971802
222-222@8gn-23w-m6k,32.341062,-86.369112,Gasoline Stations,Montgomery,AL,36108,2311 West Blvd,204.0,92.0,False,260.0,US,2533.0,0.002076369178,0.003128657392,7.311763794e-05,0.0006312535622
zzy-223@8f3-kjq-vmk,30.852518,-87.776122,Gasoline Stations,Bay Minette,AL,36507,2001 Bay Minette Byp,30.0,20.0,False,397.0,US,375.0,0.0002970616642,0.0004484679208,1.069696604e-05,9.243971198e-05
222-223@8gn-jbr-2x5,32.44762,-85.016202,Gasoline Stations,Phenix City,AL,36869,106 Martin Luther King Jr Pkwy,26.0,22.0,False,359.0,US,318.0,0.0002585023088,0.0003892836477,9.126383014e-06,7.843611208e-05
224-223@8f3-zky-d7q,31.122344,-87.068833,Gasoline Stations,Brewton,AL,36426,1027 Douglas Ave,173.0,90.0,False,2162.0,US,2168.0,0.001748865553,0.002636060741,6.243206769e-05,0.0005381956483
224-223@8gm-dgs-47q,33.767618,-85.692627,Gasoline Stations,Anniston,AL,36207,8960 Al-9,1202.0,448.0,False,2826.0,US,14963.0,0.01222963343,0.0184489395,0.0004300867374,0.003724642014
222-222@8gn-97h-tn5,33.176635,-87.472074,Gasoline Stations,Tuscaloosa,AL,35405,4822 Skyland Blvd E,1762.0,993.0,False,4392.0,US,21980.0,0.01805473595,0.02719077318,0.0006359578992,0.005507114651
zzy-222@8gh-wnt-ty9,31.254785,-85.431794,Clothing Stores,Dothan,AL,36303,3431 Montgomery Hwy Ste 2,259.0,237.0,False,334.0,US,3222.0,1.896546479,1.940980391,9.302319151e-05,0.0008079422131
222-223@8gm-cx8-59f,33.934721,-85.625972,Building Material and Supplies Dealers,Piedmont,AL,36272,824 US Highway 278 W,92.0,12.0,False,1019.0,US,1124.0,0.01823779028,0.01929552272,3.140759316e-05,0.0002753609574
zzy-223@8gm-rnr-yn5,33.995978,-86.577937,"Executive, Legislative, and Other General Government Support",Cleveland,AL,35049,62732 US Highway 231,89.0,12.0,False,407.0,US,1099.0,0.03975053702,0.04045736823,3.062970431e-05,0.0002679532088
225-222@8f3-nxs-85f,30.341897,-87.683958,Other Miscellaneous Store Retailers,Foley,AL,36535,8097 State Highway 59 Ste B,20.0,12.0,False,374.0,US,247.0,0.004769478334,0.005108068954,6.965182982e-06,6.053357919e-05
228-222@5pm-fqn-kpv,34.805492,-86.97749,Offices of Other Health Practitioners,Athens,AL,35611,210 Sanders St,12.0,12.0,False,146.0,US,146.0,0.001736396468,0.002125656544,3.985374767e-06,3.34565541e-05
zzw-222@8gk-tn3-nyv,33.651471,-86.684533,Religious Organizations,Center Point,AL,35215,32 25th Ave NW,12.0,12.0,False,768.0,US,157.0,0.0005246111024,0.000621175412,4.303785557e-06,3.756900675e-05
226-223@8gk-tmt-fcq,33.608124,-86.63894,"Jewelry, Luggage, and Leather Goods Stores",Birmingham,AL,35235,5006 Pinnacle Sq Ste 104,351.0,147.0,False,271.0,US,4326.0,0.03643698553,0.04611571053,0.0001246088644,0.001080951932
zzw-222@8gm-3rq-p35,33.851816,-87.271766,"Sporting Goods, Hobby, and Musical Instrument Stores",Jasper,AL,35501,300 Highway 78 E Ste 438,6829.0,4368.0,False,30150.0,US,84775.0,0.8909533232,0.9918058464,0.002453084106,0.0211635507
224-223@8gk-tt6-r8v,33.505405,-86.859605,"Sporting Goods, Hobby, and Musical Instrument Stores",Birmingham,AL,35208,1328 3rd Ave W,43.0,43.0,False,121.0,US,536.0,0.008674829932,0.009642466436,1.494824739e-05,0.0001334163166
zzw-224@5pm-mv7-hbk,34.737489,-86.647812,Department Stores,Huntsville,AL,35816,4710 University Dr NW Ste L-02,425.0,236.0,False,2236.0,US,5272.0,0.05971289822,0.06907067035,0.0001519320229,0.001323263842
zzw-222@8gn-nh9-gkz,32.360507,-86.15989,"General Merchandise Stores, including Warehouse Clubs and Supercenters",Montgomery,AL,36117,2576 Berryhill Rd,7628.0,5281.0,False,11778.0,US,94772.0,0.2481341736,0.2633350621,0.002760199222,0.02390547936
222-223@8gh-x36-4qf,31.111162,-85.40604,"General Merchandise Stores, including Warehouse Clubs and Supercenters",Dothan,AL,36301,7990 S U S 231,626.0,518.0,False,4847.0,US,7771.0,0.03753501821,0.04230453078,0.0002268844202,0.001968260201
zzw-222@8gk-tct-g49,33.553225,-86.819276,"General Merchandise Stores, including Warehouse Clubs and Supercenters",Birmingham,AL,35207,3120 26th St N,220.0,180.0,False,793.0,US,2733.0,0.01393534803,0.01565278074,7.889843604e-05,0.0006814345615
228-223@8gk-x62-mhq,32.850695,-86.633955,Florists,Clanton,AL,35045,1500 7th St N,88.0,49.0,False,232.0,US,1092.0,0.01554188586,0.01655869681,3.13134863e-05,0.0002715797945
222-222@8f4-9st-y35,31.525701,-87.894307,Florists,Jackson,AL,36545,1503 College Ave,168.0,155.0,False,677.0,US,2066.0,0.02928190964,0.03128421222,5.825134085e-05,0.0005133354148
222-222@5pm-fqp-zcq,34.784439,-86.954487,"Office Supplies, Stationery, and Gift Stores",Athens,AL,35611,1036 US Highway 72 E,36.0,31.0,False,2458.0,US,450.0,0.01194412747,0.01319576845,1.260875395e-05,0.0001101588986
223-222@8gm-rbb-s3q,34.433597,-85.732539,Used Merchandise Stores,Fort Payne,AL,35967,1032 Grand Ave SW,109.0,106.0,False,632.0,US,1352.0,0.01444847136,0.01614213114,3.88539124e-05,0.0003366040649
227-222@8gk-ttm-5mk,33.46131,-86.754088,Other Miscellaneous Store Retailers,Mountain Brk,AL,35243,2800 Cahaba Village Plz,21.0,17.0,False,522.0,US,253.0,0.007180131929,0.007651874818,7.122422482e-06,6.219725182e-05
zzw-224@8gh-wnt-sdv,31.256294,-85.434523,Other Miscellaneous Store Retailers,Dothan,AL,36303,1435 Westgate Pkwy,297.0,163.0,False,622.0,US,3681.0,0.07836163284,0.0797857874,0.0001058200062,0.0009174923065
223-222@8gm-ndn-j5f,34.020533,-86.059932,Specialized Freight Trucking,Gadsden,AL,35904,3500 Michael Ann Ave,65.0,52.0,False,1878.0,US,818.0,0.03593880403,0.04023116307,2.286354152e-05,0.0002005015804
zzy-222@5pm-hx7-dgk,34.759077,-87.646533,Taxi and Limousine Service,Muscle Shoals,AL,35661,2402 2nd St,671.0,236.0,True,1236.0,US,8358.0,1.18726493,1.196946682,0.0002363885421,0.002047147481
222-222@8gn-9rq-snq,33.217371,-87.568936,Support Activities for Road Transportation,Northport,AL,35476,1001 3rd St,158.0,47.0,False,2146.0,US,1959.0,0.1070423713,0.1102813864,5.633793282e-05,0.0004876367042
222-222@8gk-w6g-mc5,33.437468,-86.102384,Postal Service,Talladega,AL,35160,127 East St N,416.0,166.0,False,1336.0,US,5135.0,0.2700885722,0.2739835928,0.0001439523915,0.001258234293
223-225@5pm-mw4-8d9,34.77153,-86.587787,Wired and Wireless Telecommunications Carriers,Huntsville,AL,35810,3503 Memorial Pkwy NW,138.0,134.0,False,188.0,US,1710.0,0.0110602456,0.01259062636,4.935173093e-05,0.0004253191335
222-222@5pm-hvw-pjv,34.837445,-87.632869,Wired and Wireless Telecommunications Carriers,Florence,AL,35630,331 Cox Creek Pkwy,220.0,213.0,False,346.0,US,2729.0,0.01755789528,0.01998823341,7.873707341e-05,0.0006802065509
223-226@8gm-3rq-pd9,33.851855,-87.271786,Wired and Wireless Telecommunications Carriers,Jasper,AL,35501,300 Highway 78 E,6829.0,4368.0,False,30150.0,US,84775.0,0.536880595,0.6114350698,0.002453084106,0.0211635507
224-222@8gn-jcy-nbk,32.497391,-85.017159,Depository Credit Intermediation,Phenix City,AL,36867,1803 Stadium Dr,265.0,204.0,False,552.0,US,3292.0,0.01028966068,0.01228207448,9.444662929e-05,0.0008186126528
223-222@8gk-yjy-q2k,33.234733,-86.804229,Depository Credit Intermediation,Alabaster,AL,35007,500 Colonial Promenade Pkwy,684.0,615.0,False,535.0,US,8494.0,0.02658427542,0.03176773784,0.0002424109971,0.002107547346
225-223@8f4-btn-5fz,32.08902,-88.221013,Depository Credit Intermediation,Butler,AL,36904,132 S Mulberry Ave,220.0,180.0,False,584.0,US,2694.0,0.008354898814,0.01007969335,7.520816554e-05,0.0006613134324
224-222@8f3-p2v-5cq,30.524016,-87.883089,Depository Credit Intermediation,Fairhope,AL,36532,949 Fairhope Ave,534.0,353.0,False,956.0,US,6632.0,0.02080533472,0.02483921522,0.0001901655463,0.001653818842
zzw-222@8gm-zcz-ndv,32.460071,-86.421999,Depository Credit Intermediation,Prattville,AL,36066,1794 E Main St,465.0,451.0,False,294.0,US,5733.0,0.08319952282,0.0871529922,0.000160370995,0.001410743892
223-222@8gn-jbh-5mk,32.469311,-85.000341,Activities Related to Credit Intermediation,Phenix City,AL,36867,1200 Broad St,552.0,518.0,False,816.0,US,6791.0,0.05991594981,0.08764230671,0.0001889637355,0.001655401522
223-226@8gk-tv4-f75,33.519342,-86.809481,Activities Related to Credit Intermediation,Birmingham,AL,35203,2001 Park Pl,1081.0,664.0,False,5945.0,US,13453.0,0.1248382269,0.1797358899,0.0003817837567,0.003306127014
225-225@8gk-twc-k75,33.420499,-86.800335,Activities Related to Credit Intermediation,Vestavia Hills,AL,35216,1442 Montgomery Hwy,89.0,81.0,False,258.0,US,1112.0,0.01019839411,0.01462403363,3.161551161e-05,0.0002702089372
227-223@5pm-mst-nyv,34.757493,-86.636726,Activities Related to Credit Intermediation,Huntsville,AL,35810,4833 Sparkman Dr NW,118.0,118.0,False,531.0,US,1441.0,0.01259531266,0.01806374608,3.95917878e-05,0.0003497755123
zzy-222@8f3-p2f-wrk,30.462334,-87.857592,Activities Related to Credit Intermediation,Fairhope,AL,36532,16310 16310 Hampstead Ct,40.0,11.0,False,264.0,US,511.0,0.004365533511,0.006460090896,1.410870911e-05,0.0001195324779
zzw-222@8f3-g7g-5mk,30.856616,-88.051404,"Justice, Public Order, and Safety Activities",Satsuma,AL,36572,5668 2nd St,72.0,72.0,False,978.0,US,915.0,0.04758291631,0.05096659992,2.717232026e-05,0.0002291921239
222-223@5pm-gtz-52k,34.605967,-86.983326,"Justice, Public Order, and Safety Activities",Decatur,AL,35602,402 Lee St,673.0,275.0,False,3064.0,US,8380.0,0.3697447771,0.3983923493,0.0002370764305,0.002065281558
zzw-222@8gm-pd6-m8v,34.360537,-86.292319,"Justice, Public Order, and Safety Activities",Guntersville,AL,35976,340 Blount Ave,276.0,101.0,False,1913.0,US,3422.0,0.1510397069,0.1628181289,9.645367527e-05,0.000837902186
zzy-222@8gn-pj7-4n5,31.888257,-85.493422,"Justice, Public Order, and Safety Activities",Clayton,AL,36016,379 Alabama Highway 239,565.0,128.0,False,120954.0,US,6950.0,0.2322644224,0.2470026365,0.0001993724753,0.001727528322
zzy-222@8gm-4nq-7h5,34.275756,-87.700654,"Justice, Public Order, and Safety Activities",Bear Creek,AL,35543,341 Main St,19.0,19.0,False,420.0,US,230.0,0.009567619237,0.01026089733,6.606898787e-06,5.765562045e-05
zzw-224@8f3-jgb-f9f,30.604119,-87.90179,Other Financial Investment Activities,Daphne,AL,36526,809C Daphne Ave Ste 102,46.0,41.0,False,114.0,US,584.0,0.005184742917,0.008669864046,1.633275199e-05,0.0001419471297
225-224@8gk-twj-j5f,33.371624,-86.801701,"Agencies, Brokerages, and Other Insurance Related Activities",Hoover,AL,35244,1 Chase Corporate Dr Ste 400,606.0,442.0,False,5115.0,US,7443.0,0.0271513868,0.03656227689,0.0002190063101,0.001883646177
22r-224@8gm-pk5-2c5,34.160821,-85.703664,"Agencies, Brokerages, and Other Insurance Related Activities",Centre,AL,35960,1520 Chesnut Byp,175.0,132.0,False,672.0,US,2187.0,0.007563847345,0.01029767362,6.324022405e-05,0.0005479714679
225-222@8f3-j8q-tvz,30.519235,-87.70778,"Agencies, Brokerages, and Other Insurance Related Activities",Summerdale,AL,36580,20210 State Highway 59 Ste 2,148.0,137.0,False,1130.0,US,1839.0,0.006296191366,0.008597322969,5.294102777e-05,0.0004586021078
22n-222@5pm-fqn-mkz,34.803871,-86.970666,"Agencies, Brokerages, and Other Insurance Related Activities",Athens,AL,35612,114 North Marion Street,234.0,79.0,False,683.0,US,2897.0,0.0099450416,0.01356853431,8.345324056e-05,0.0007195280915
229-222@5pm-h3v-5fz,34.78893,-86.748772,"Agencies, Brokerages, and Other Insurance Related Activities",Madison,AL,35757,6983 Wall Triana Hwy Ste Z,169.0,76.0,False,628.0,US,2092.0,0.006975712534,0.009511424772,5.990882411e-05,0.0005178907359
222-222@8gk-twj-gc5,33.37696,-86.798653,"Agencies, Brokerages, and Other Insurance Related Activities",Hoover,AL,35244,2131 Data Office Dr,137.0,89.0,False,885.0,US,1705.0,0.006043943281,0.008196845012,4.977521073e-05,0.0004287079091
zzw-228@8f3-fw6-pjv,30.647943,-88.158848,"Agencies, Brokerages, and Other Insurance Related Activities",Mobile,AL,36609,5031 Cottage Hill Rd,703.0,619.0,False,3381.0,US,8703.0,0.03006261808,0.04095949149,0.0002510448737,0.002166282311
22n-223@8f4-9sv-6x5,31.532142,-87.891287,"Agencies, Brokerages, and Other Insurance Related Activities",Jackson,AL,36545,2005 College Ave,90.0,90.0,False,321.0,US,1120.0,0.003796819046,0.005135336597,3.22629444e-05,0.000278828563
222-222@8gm-9mr-xdv,33.455012,-87.007335,Lessors of Real Estate,Bessemer,AL,35023,3275 Allison Bonnett Memorial Dr,92.0,39.0,False,1349.0,US,1144.0,0.018444359,0.02006747968,3.301647545e-05,0.0002851133104
zzw-222@8gn-6rg-z75,32.704346,-87.593208,Offices of Real Estate Agents and Brokers,Greensboro,AL,36744,1124 Main St,387.0,319.0,False,1442.0,US,4748.0,0.02003003104,0.03722507307,0.0001334471145,0.001178660401
224-222@8gh-x7h-49z,31.220462,-85.432945,Offices of Real Estate Agents and Brokers,Dothan,AL,36301,2967 Ross Clark Cir,68.0,68.0,False,556.0,US,846.0,0.003823002352,0.007004712703,2.453741142e-05,0.0002127950159
zzw-222@8gm-957-kfz,33.557964,-86.892407,General Rental Centers,Forestdale,AL,35214,1208 Forestdale Sq,567.0,383.0,False,9351.0,US,7021.0,2.087920638,2.087920638,0.0002015161707,0.001749825017
zzy-239@8f3-fv9-ffz,30.693295,-88.039839,Legal Services,Mobile,AL,36602,30200 Rsa Battle House Tower,3569.0,1896.0,False,4576.0,US,43764.0,0.02492164545,0.2377844754,0.00124068464,0.01069098219
222-227@8gm-znm-389,32.375681,-86.303018,Legal Services,Montgomery,AL,36104,401 Adams Ave,132.0,28.0,False,4680.0,US,1634.0,0.0008246219301,0.00815548632,4.528334188e-05,0.0003951923293
22g-222@5pm-mtc-vzz,34.730843,-86.58465,Legal Services,Huntsville,AL,35801,203 Eastside Sq Ste A,205.0,111.0,False,1112.0,US,2540.0,0.001583681831,0.01466929149,7.318226494e-05,0.0006319750054
22c-223@8gh-tq5-q2k,31.315148,-85.853358,Legal Services,Enterprise,AL,36330,119 E College St,381.0,299.0,False,1793.0,US,4708.0,0.002718253765,0.02582957869,0.0001333562116,0.001157268225
222-22b@8gk-tv8-y35,33.474722,-86.786488,Legal Services,Birmingham,AL,35209,3125 Independence Dr,478.0,370.0,False,1837.0,US,5948.0,0.003650634611,0.03400628166,0.0001709362543,0.001471569459
22d-222@8gn-nk9-8jv,32.357808,-86.241815,Legal Services,Montgomery,AL,36106,4121 Carmichael Rd Ste 304,457.0,387.0,False,1860.0,US,5637.0,0.003115571282,0.02985492949,0.0001572284177,0.001377448085
222-227@5pm-h2k-gkz,34.681105,-86.750934,Legal Services,Madison,AL,35758,3809 Sullivan St,333.0,245.0,False,1342.0,US,4131.0,0.002354334786,0.02261900714,0.0001166959619,0.001019129004
23v-225@5pm-gxk-mhq,34.443887,-86.93457,Legal Services,Hartselle,AL,35640,129 Main St W,14.0,10.0,False,675.0,US,174.0,9.890398374e-05,0.0009640454207,5.030215854e-06,4.327924115e-05
225-223@8gm-42r-k4v,34.226194,-87.621704,Legal Services,Haleyville,AL,35565,1900 11th Ave,211.0,177.0,False,467.0,US,2615.0,0.00161987524,0.01499547187,7.524614624e-05,0.0006504234024
227-222@8f3-g5h-hwk,30.69409,-88.045839,Legal Services,Mobile,AL,36603,257 Saint Anthony St,1148.0,599.0,False,1733.0,US,14227.0,0.008521236641,0.07975643563,0.0004071871735,0.003535173025
22d-223@5pm-gty-pn5,34.603645,-86.980561,Legal Services,Decatur,AL,35601,445 Moulton St E,170.0,145.0,False,818.0,US,2104.0,0.001318958626,0.01219612553,6.081886326e-05,0.0005226774625
226-222@8gk-tt3-rff,33.43546,-86.809727,Legal Services,Vestavia Hills,AL,35216,2081 Columbiana Rd Ste 17,197.0,44.0,False,958.0,US,2425.0,0.001257615515,0.01254184942,6.759643875e-05,0.0005950338571
222-22f@8gm-znm-389,32.375673,-86.302974,Legal Services,Montgomery,AL,36104,401 Adams Ave,132.0,28.0,False,4680.0,US,1634.0,0.0008246219301,0.00815548632,4.528334188e-05,0.0003951923293
222-223@8f3-fth-zmk,30.65231,-88.142517,"Other Professional, Scientific, and Technical Services",Mobile,AL,36609,3995 Cottage Hill Rd,222.0,162.0,False,987.0,US,2745.0,0.03376863497,0.04292244552,7.909515031e-05,0.0006829650452
222-223@8f3-fwh-tqf,30.702552,-88.214471,"Other Professional, Scientific, and Technical Services",Mobile,AL,36608,7380 Zeigler Cir S,11.0,11.0,False,604.0,US,145.0,0.001643782084,0.002138183882,3.987236706e-06,3.379714488e-05
226-222@8gn-nkd-ks5,32.361549,-86.203427,Employment Services,Montgomery,AL,36117,5950 Carmichael Pl Ste 210,10.0,10.0,False,538.0,US,127.0,0.001634378139,0.002319911285,3.716530724e-06,3.244787915e-05
zzw-222@8f3-nyb-dsq,30.409548,-87.6912,Elementary and Secondary Schools,Foley,AL,36535,450 N Cedar St,1269.0,641.0,False,13197.0,US,15615.0,0.07916270851,0.09000150077,0.0004401359221,0.00385605656
zzw-224@8gm-9p2-v2k,33.349503,-87.015077,Elementary and Secondary Schools,Bessemer,AL,35022,1630 Powder Plant Rd,1259.0,657.0,False,5995.0,US,15634.0,0.08954110547,0.1011984571,0.0004467372797,0.003881301504
zzw-224@8gm-zkr-nyv,32.424218,-86.287959,Elementary and Secondary Schools,Montgomery,AL,36110,2815 Forbes Dr,834.0,524.0,False,42967.0,US,10404.0,0.06065374702,0.06834581872,0.0002992484681,0.0026004876
zzw-222@8gm-swd-kmk,34.329259,-86.493567,Elementary and Secondary Schools,Arab,AL,35016,241 8th Ave NE,1067.0,484.0,False,7703.0,US,13140.0,0.07280528346,0.082796595,0.0003703342182,0.003240710534
224-222@8gk-yhh-49z,33.369938,-86.801689,Technical and Trade Schools,Hoover,AL,35244,1870 Chace Dr,434.0,388.0,False,2024.0,US,5368.0,12.241033187,12.241033187,0.0001539466637,0.001333596262
222-223@8gh-tnm-zxq,31.325027,-85.82792,Other Schools and Instruction,Enterprise,AL,36330,913 Rucker Blvd,1766.0,703.0,False,2288.0,US,21991.0,0.6648753855,0.7436101744,0.0006250414789,0.005435023112
zzy-223@8gm-3rx-ffz,33.844297,-87.269879,Other Schools and Instruction,Jasper,AL,35501,Airport Rd S,49.0,49.0,False,123.0,US,626.0,0.06507659688,0.0707716071,1.858542785e-05,0.0001574644974
223-222@8gk-trm-yqf,33.374163,-86.75581,Other Schools and Instruction,Hoover,AL,35244,2477 Valleydale Rd Ste C-2E,132.0,124.0,False,576.0,US,1646.0,0.1545891485,0.17054744,4.725958001e-05,0.0004048892682
223-225@8gn-98q-zzz,33.261241,-87.510415,Offices of Physicians,Tuscaloosa,AL,35406,1837 Commons North Dr,105.0,105.0,False,506.0,US,1295.0,0.00050976268,0.004825581142,3.911434737e-05,0.0003288394381
225-224@8gm-v8m-rp9,33.659032,-85.824731,Offices of Physicians,Anniston,AL,36207,1115 Leighton Ave,288.0,51.0,False,447.0,US,3551.0,0.001242950293,0.0121100857,0.0001016181706,0.0008775267213
225-222@8gk-tbj-m49,33.652356,-86.817894,Offices of Physicians,Gardendale,AL,35071,430 Fieldstown Rd Ste 104,495.0,389.0,False,887.0,US,6126.0,0.002303369033,0.02183569863,0.0001762379051,0.001527321544
223-22k@5pm-gvh-f4v,34.553001,-86.97195,Offices of Physicians,Decatur,AL,35603,2828 Highway 31 S,255.0,226.0,False,1441.0,US,3163.0,0.0008484635999,0.009301653734,8.81779581e-05,0.0007760694553
222-223@8gm-nfs-9s5,34.009464,-86.005799,Offices of Physicians,Gadsden,AL,35901,311 S 4th St,187.0,187.0,False,420.0,US,2279.0,0.0006323783575,0.006889453117,6.343873325e-05,0.0005573026372
222-22f@5pm-mtc-qxq,34.721345,-86.575096,Offices of Physicians,Huntsville,AL,35801,420 Lowell Dr SE,6323.0,3903.0,False,15338.0,US,77750.0,0.02058422123,0.2183791896,0.002155779236,0.01877130799
222-226@8gm-nfs-cqz,34.004413,-86.003612,Offices of Physicians,Gadsden,AL,35901,600 S 3rd St,2716.0,1351.0,False,7227.0,US,33420.0,0.01222638496,0.1184532178,0.0009687741539,0.008385004303
224-222@8gk-tv3-fmk,33.516902,-86.805069,Offices of Physicians,Birmingham,AL,35203,2105 3rd Ave N,355.0,201.0,False,2184.0,US,4388.0,0.00139634083,0.01410601591,0.0001241410358,0.001078964133
225-223@8gk-t8w-jqf,33.518728,-86.742051,Offices of Physicians,Birmingham,AL,35213,972 Montclair Rd Ste 100,260.0,113.0,False,584.0,US,3191.0,0.001215584506,0.0116487485,9.300705695e-05,0.0008037035823
22g-223@8gn-nhv-6zf,32.380443,-86.172543,Offices of Physicians,Montgomery,AL,36117,209 Winton M Blount Loop,337.0,337.0,False,372.0,US,4202.0,0.001422748203,0.01405591968,0.0001195277664,0.001036174701
223-226@8gn-24n-2kz,32.366646,-86.282187,Offices of Physicians,Montgomery,AL,36106,2024 Chestnut St,253.0,179.0,False,431.0,US,3122.0,0.001009167127,0.01015815201,8.74094092e-05,0.0007669458712
223-222@8gk-tqp-gzf,33.415858,-86.671784,Offices of Physicians,Birmingham,AL,35242,2229 Cahaba Valley Dr,141.0,111.0,False,258.0,US,1737.0,0.0005503449715,0.005623055996,4.890466688e-05,0.0004321973723
228-225@8gk-ttn-j7q,33.465604,-86.776668,Offices of Physicians,Birmingham,AL,35209,513 Brookwood Blvd Ste 401,2081.0,1364.0,False,4404.0,US,25703.0,0.007826466158,0.0800733376,0.0007224896523,0.006310415731
222-229@8gm-nsg-qj9,34.693727,-86.573432,Offices of Physicians,Huntsville,AL,35801,250 Chateau Dr SW,5647.0,2890.0,False,22596.0,US,69711.0,0.02265609553,0.2246594876,0.001975781297,0.01707502866
225-225@5pn-6qy-cwk,34.756177,-87.667916,Offices of Physicians,Muscle Shoals,AL,35661,406 Woodward Ave,269.0,254.0,False,438.0,US,3303.0,0.00119364399,0.01143274331,9.482046202e-05,0.0008231099421
223-222@8gm-tn3-j9z,33.970818,-86.015668,Offices of Physicians,Gadsden,AL,35901,207 Dogwood Cir,90.0,90.0,False,529.0,US,1107.0,0.0003350259199,0.003527806763,3.031670799e-05,0.000268812192
22c-222@8gk-yhn-wzf,33.355951,-86.846214,Offices of Physicians,Hoover,AL,35244,5295 Preserve Pkwy Ste 280,1004.0,711.0,False,2390.0,US,12398.0,0.003857535003,0.0395545509,0.0003498685746,0.003052518269
222-226@8gm-p3n-py9,34.365522,-86.42325,Offices of Physicians,Guntersville,AL,35976,29 Medical Center Ln Ste A,230.0,165.0,False,449.0,US,2844.0,0.001051316627,0.01011838505,8.224243251e-05,0.0007111625466
224-222@8f3-kjj-snq,30.902665,-87.783988,Offices of Dentists,Bay Minette,AL,36507,1901 Hand Ave,190.0,113.0,False,574.0,US,2344.0,0.01535139677,0.02226255276,6.732549129e-05,0.0005840038006
223-22k@5pm-mtc-v9f,34.730813,-86.588231,Offices of Dentists,Huntsville,AL,35801,200 Clinton Ave W,421.0,317.0,False,1193.0,US,5239.0,0.031767554,0.04673563748,0.0001479325339,0.001288832681
222-223@8gm-zsh-e5f,32.507738,-86.383763,Offices of Dentists,Millbrook,AL,36054,3095 Highway 14,128.0,121.0,False,224.0,US,1590.0,0.01079134227,0.01555880703,4.599689274e-05,0.000395498419
226-222@8gn-nh5-k2k,32.34775,-86.176204,Offices of Dentists,Montgomery,AL,36117,2149 Taylor Rd,70.0,70.0,False,360.0,US,875.0,0.004894641216,0.007367875601,2.474983624e-05,0.0002136835587
zzy-223@8gk-yhk-6hq,33.365372,-86.824626,Offices of Other Health Practitioners,Hoover,AL,35244,2801 Highway 150,892.0,651.0,False,3178.0,US,11005.0,0.157240533,0.1903991608,0.0003138475568,0.002721244984
224-222@5pm-mt9-bx5,34.742917,-86.600279,Offices of Other Health Practitioners,Huntsville,AL,35801,1216 Memorial Pkwy NW,154.0,121.0,False,341.0,US,1903.0,0.02804715613,0.03391731986,5.469113425e-05,0.0004735599005
226-222@8f3-p2v-dqf,30.526394,-87.883869,Offices of Other Health Practitioners,Fairhope,AL,36532,913 Plantation Blvd,87.0,57.0,False,235.0,US,1075.0,0.01445289638,0.01760154799,2.984975912e-05,0.0002604345608
zzw-223@8gn-njv-ju5,32.310176,-86.217811,Offices of Other Health Practitioners,Montgomery,AL,36116,4601 Troy Hwy,339.0,186.0,False,6294.0,US,4221.0,0.04666028948,0.08309026498,0.0001226375418,0.001057268496
222-222@8gm-3z9-bzf,34.241459,-87.592714,Offices of Other Health Practitioners,Haleyville,AL,35565,71 Carraway Dr,126.0,28.0,False,546.0,US,1586.0,0.01594539315,0.02842900598,4.522705161e-05,0.0003919797025
223-223@8gn-9bh-3yv,33.240241,-87.553492,Offices of Other Health Practitioners,Northport,AL,35473,519 Energy Center Blvd,61.0,43.0,False,388.0,US,753.0,0.00811312838,0.01458784756,2.204136292e-05,0.0001904348733
223-225@8gm-ns2-tqf,34.711479,-86.612128,Offices of Other Health Practitioners,Huntsville,AL,35805,3309 Bob Wallace Ave SW,206.0,186.0,False,731.0,US,2553.0,0.02730484949,0.0486365533,7.368755779e-05,0.0006371655427
222-224@8f4-9sm-s5z,31.559204,-87.874299,Outpatient Care Centers,Jackson,AL,36545,215 Walker Springs Rd,150.0,91.0,False,914.0,US,1863.0,0.08620538057,0.1232449707,5.448164647e-05,0.0004686364938
222-222@8gn-kmf-7bk,32.579628,-85.493171,Outpatient Care Centers,Auburn,AL,36832,183 E University Dr,91.0,46.0,False,303.0,US,1119.0,0.05288867911,0.08618591601,3.228818092e-05,0.000278116756
223-222@8gk-tv9-wc5,33.504827,-86.803949,General Medical and Surgical Hospitals,Birmingham,AL,35233,619 19th St S,13250.0,5176.0,False,103839.0,US,162982.0,0.4898589515,0.8044574933,0.004537848705,0.03944198134
22f-222@8f3-nyb-49z,30.414437,-87.684184,Specialty (except Psychiatric and Substance Abuse) Hospitals,Foley,AL,36535,805C N McKenzie St,232.0,202.0,False,505.0,US,2877.0,0.01112445813,0.02726317282,8.194416061e-05,0.000709269653
222-222@5pm-h3s-8jv,34.771962,-86.787195,Child Day Care Services,Madison,AL,35757,1418 Old Railroad Bed Rd,169.0,56.0,False,2925.0,US,2097.0,0.02816854072,0.02959273815,6.203725877e-05,0.0005291259535
222-222@8gn-jbm-jy9,32.437424,-85.025332,Child Day Care Services,Phenix City,AL,36869,2101 5th St S,58.0,35.0,False,297.0,US,714.0,0.009644434554,0.01014058694,2.013082398e-05,0.00017705609
222-224@8gk-ttw-9xq,33.446614,-86.786876,Child Day Care Services,Vestavia Hills,AL,35216,2061 Kentucky Ave,355.0,224.0,False,7534.0,US,4414.0,0.06075224099,0.06384453342,0.0001299357457,0.001110673678
222-222@5pm-mtc-d5f,34.72094,-86.588866,Child Day Care Services,Huntsville,AL,35801,600 Governors Dr SW,1295.0,557.0,False,13116.0,US,16104.0,0.1944216132,0.204467925,0.0004865214774,0.004091810248
222-222@8gh-wrk-s5z,31.311348,-85.514552,Lawn and Garden Equipment and Supplies Stores,Midland City,AL,36350,3342 E Highway 134,1.0,1.0,False,141.0,US,13.0,0.000404040404,0.000418760469,4.617623808e-07,3.594846428e-06
227-222@8f3-fwk-7wk,30.696538,-88.171477,Residential Building Construction,Mobile,AL,36608,5604 Judson Cir,2.0,1.0,False,95.0,US,25.0,0.0001831573589,0.0002016062671,7.138413449e-07,6.117736782e-06
zzz-222@8gm-zc5-zxq,32.467375,-86.482137,"Museums, Historical Sites, and Similar Institutions",Prattville,AL,36067,390 W 6th St,650.0,608.0,False,36150.0,US,7978.0,0.03411824973,0.03887005294,0.0002287741609,0.00197498477
223-224@8gn-7gh-mff,33.23824,-87.577916,Other Amusement and Recreation Industries,Northport,AL,35476,2005 32nd St,271.0,218.0,False,1109.0,US,3381.0,0.01386309001,0.01677121923,9.735257814e-05,0.0008409601671
227-222@8f4-9st-qpv,31.538565,-87.886297,Restaurants and Other Eating Places,Jackson,AL,36545,2810 College Ave,7.0,3.0,False,205.0,US,88.0,8.711402192e-05,0.0001193257235,2.499320756e-06,2.179316697e-05
223-223@8gn-nkd-5vf,32.361298,-86.217331,Traveler Accommodation,Montgomery,AL,36106,5175 Carmichael Rd,106.0,106.0,False,2129.0,US,1312.0,0.004913446629,0.006365717963,3.729015298e-05,0.0003251038105
222-223@8f3-gbh-f75,30.58581,-88.168053,Traveler Accommodation,Mobile,AL,36619,5450 Coca Cola Rd,209.0,42.0,False,1042.0,US,2592.0,0.009893252014,0.01282695108,7.490670044e-05,0.0006464496263
zzy-222@8gk-t8m-7bk,33.424934,-86.694352,Offices of Physicians,Birmingham,AL,35242,2152 Springfield Loop W,13.0,5.0,False,628.0,US,153.0,7.183213394e-05,0.0006246208739,4.610982969e-06,3.996555007e-05
224-222@8gn-6qv-fj9,32.698906,-87.586159,Restaurants and Other Eating Places,Greensboro,AL,36744,508 State St,6.0,5.0,False,254.0,US,72.0,7.075667443e-05,0.0001169042292,2.08757913e-06,1.870842691e-05
223-222@5pm-mv7-syv,34.732611,-86.657558,"Architectural, Engineering, and Related Services",Huntsville,AL,35805,4901 Corporate Dr NW Ste C,21.0,6.0,False,6496.0,US,251.0,0.003661358614,0.00626223213,6.866932015e-06,5.903605118e-05
zzy-222@8f4-dx2-wp9,32.05622,-87.461885,Personal Care Services,Pine Hill,AL,36769,492 Highway 162,13.0,6.0,True,1236.0,US,158.0,0.000263155558,0.0004019630861,4.669506876e-06,3.959555491e-05
222-222@8gm-qq7-vj9,34.700586,-85.988672,Drinking Places (Alcoholic Beverages),Scottsboro,AL,35768,3701 E Willow St,191.0,124.0,False,1095.0,US,2367.0,0.01542302175,0.02284660415,6.846558448e-05,0.0005909455798
zzw-224@8gm-znm-2hq,32.378417,-86.311019,Drinking Places (Alcoholic Beverages),Montgomery,AL,36104,79 Commerce St Ste E,77.0,23.0,False,1051.0,US,969.0,0.006037604986,0.008938120748,2.746434733e-05,0.0002374979879
zzw-222@8gk-ydt-c89,33.195417,-86.791996,Health and Personal Care Stores,Alabaster,AL,35007,105 Corporate Woods Dr,8.0,7.0,True,1236.0,US,97.0,0.0001229543429,0.0001587640641,2.793949287e-06,2.452340982e-05
222-22c@8gk-tpx-mzf,33.422703,-86.707346,Legal Services,Hoover,AL,35242,22 Inverness Center Pkwy,11.0,8.0,False,849.0,US,130.0,6.319261788e-05,0.0006352527492,3.590957401e-06,3.134778722e-05
224-222@8f4-4qf-cwk,31.435308,-86.954718,Restaurants and Other Eating Places,Evergreen,AL,36401,114 Court Sq,384.0,294.0,False,2081.0,US,4777.0,0.004266125152,0.007101032576,0.0001373710046,0.001183770902
228-222@8gk-tt2-4sq,33.465022,-86.837233,Restaurants and Other Eating Places,Birmingham,AL,35209,191A W Valley Ave,745.0,504.0,False,2736.0,US,9215.0,0.008402786058,0.01398090947,0.0002657548542,0.002298868059
223-222@8gn-jbh-4sq,32.470018,-85.007584,Restaurants and Other Eating Places,Phenix City,AL,36867,1017 12th Pl,266.0,234.0,False,253.0,US,3303.0,0.003029238632,0.005011651287,9.466114301e-05,0.0008135791568
zzw-227@5pm-mt3-dsq,34.72137,-86.612429,Restaurants and Other Eating Places,Huntsville,AL,35805,3414 Governors Dr SW Ste 515,1653.0,1079.0,False,12633.0,US,20542.0,0.01807543684,0.03014892552,0.0005857170285,0.005057887234
223-222@8gn-hzm-sqz,32.384641,-85.035309,Restaurants and Other Eating Places,Phenix City,AL,36869,270 Highway 165,184.0,151.0,False,148.0,US,2284.0,0.002072960758,0.003448350004,6.5786237e-05,0.0005699704293
22p-222@5pn-6qv-q2k,34.732202,-87.703781,Restaurants and Other Eating Places,Tuscumbia,AL,35674,100 S Main St,141.0,117.0,False,109.0,US,1749.0,0.001545520586,0.002582318353,4.980004989e-05,0.0004334172421
226-222@8gm-qpj-djv,34.673604,-86.042282,Restaurants and Other Eating Places,Scottsboro,AL,35768,441 W Willow St,157.0,157.0,False,126.0,US,1955.0,0.001721184375,0.00286316153,5.640368419e-05,0.0004873073446
zzw-222@8gn-n3n-yvz,32.508986,-86.211966,Restaurants and Other Eating Places,Wetumpka,AL,36092,4666 US Highway 231,338.0,304.0,False,325.0,US,4187.0,0.003774330615,0.006288684026,0.000120611403,0.001046942443
222-222@8gn-9rb-qxq,33.164213,-87.547971,Restaurants and Other Eating Places,Tuscaloosa,AL,35405,4900 Old Greensboro Rd,2793.0,2409.0,False,420.0,US,34462.0,0.03646338662,0.04971422893,0.0009691135696,0.00850037057
zzw-222@8gm-54n-w49,34.131037,-86.855689,Restaurants and Other Eating Places,Cullman,AL,35055,County Rd 222-69,6830.0,2915.0,True,1236.0,US,84671.0,0.08923892806,0.1215728219,0.002430280945,0.02104246149
zzw-223@8gk-ttp-xh5,33.45985,-86.732798,Restaurants and Other Eating Places,Vestavia,AL,35243,3147 Green Valley Rd,336.0,315.0,False,427.0,US,4109.0,0.004488213146,0.006102746547,0.0001194035705,0.001039434249
224-224@8gm-zsq-d9z,32.518527,-86.369672,Restaurants and Other Eating Places,Millbrook,AL,36054,4060 Highway 14,368.0,226.0,False,94.0,US,4559.0,0.004893219204,0.006655960735,0.0001313356686,0.00113598442
zzy-224@8gn-dnb-psq,32.276939,-87.391457,Restaurants and Other Eating Places,Safford,AL,36773,3025 Alabama Hwy # 5,171.0,134.0,False,280.0,US,2129.0,0.002267427889,0.00308282627,6.128600351e-05,0.0005274259699
227-225@8f3-fv7-t7q,30.688633,-88.081741,Restaurants and Other Eating Places,Mobile,AL,36607,1812 Old Shell Rd Ste D,228.0,183.0,False,651.0,US,2809.0,0.003011675361,0.004103745171,8.064320093e-05,0.0007025352087
222-223@8gb-gzk-249,34.767748,-85.704401,Restaurants and Other Eating Places,Flat Rock,AL,35966,21471 AL Highway 71,595.0,312.0,False,101.0,US,7335.0,0.008281322976,0.01120624804,0.0002151634172,0.001831689714
222-229@5pm-mtc-wzf,34.728967,-86.588153,Restaurants and Other Eating Places,Huntsville,AL,35801,100 Church St SW,2132.0,1334.0,False,11013.0,US,26745.0,0.07383854849,0.09215783242,0.0007528805527,0.00657394268
zzy-222@5pn-6qr-dy9,34.734582,-87.669743,Automotive Repair and Maintenance,Muscle Shoals,AL,35661,504 W Grove Ave,155.0,85.0,False,998.0,US,1916.0,0.08245922277,0.0857683692,5.343601869e-05,0.0004665965024
zzy-223@8gk-vpr-vj9,32.925196,-85.96222,Automotive Repair and Maintenance,Alexander City,AL,35010,3751 Highway 280,534.0,306.0,True,1236.0,US,6658.0,0.277194282,0.2889691507,0.0001904744156,0.001643354599
222-222@8gm-rqp-qvf,33.91383,-86.508845,Personal and Household Goods Repair and Maintenance,Oneonta,AL,35121,26056 State Highway 75,63.0,50.0,False,955.0,US,774.0,0.05933176682,0.06073708665,2.229278618e-05,0.0001914049096
zzy-222@8g8-7t6-skf,32.544325,-85.041362,Personal and Household Goods Repair and Maintenance,Phenix City,AL,36867,550 Lee Rd # 315,155.0,36.0,False,925.0,US,1940.0,0.2112359238,0.2184928765,5.669187658e-05,0.0004853750802
zzw-224@8gn-9bh-c89,33.239788,-87.574458,Personal Care Services,Northport,AL,35476,1718 McFarland Blvd,244.0,224.0,False,493.0,US,3031.0,0.0171110261,0.01758423906,8.718332109e-05,0.0007560585062
223-222@8gm-zd6-4sq,32.482365,-86.416983,Personal Care Services,Prattville,AL,36066,695 Summit Pkwy,114.0,63.0,False,646.0,US,1406.0,0.007232111515,0.008280310318,3.904192893e-05,0.0003419863196
222-222@8gh-x7g-wx5,31.212875,-85.429688,Drycleaning and Laundry Services,Dothan,AL,36301,2803 Ross Clark Cir,217.0,180.0,False,386.0,US,2688.0,0.04005832855,0.0439047004,7.722691866e-05,0.0006681857147
222-222@8gm-rny-28v,33.947337,-86.475589,Religious Organizations,Oneonta,AL,35121,300 3rd Ave E,383.0,286.0,False,2431.0,US,4785.0,0.01611549675,0.01886559567,0.0001397060325,0.001199783186
222-222@8gk-tmx-ct9,33.584888,-86.663133,Religious Organizations,Birmingham,AL,35235,953 Parrish Ln,69.0,24.0,False,272.0,US,866.0,0.002841972046,0.003328258537,2.501411339e-05,0.0002145258404
zzy-222@8gk-y8r-hnq,33.32519,-86.985706,Religious Organizations,Bessemer,AL,35022,6200 Lou George Loop,127.0,77.0,False,2841.0,US,1573.0,0.005708140086,0.006695081962,4.408165366e-05,0.0003866585797
223-222@8gk-tt9-dy9,33.515806,-86.816838,Religious Organizations,Birmingham,AL,35203,1414 6th Ave N,156.0,70.0,False,448.0,US,1932.0,0.006982685592,0.008178141261,5.54676204e-05,0.0004854631706
223-222@8f3-ftj-mp9,30.662186,-88.135816,Religious Organizations,Mobile,AL,36609,505 Heritage Dr E,27.0,27.0,False,136.0,US,328.0,0.001267044684,0.001488595403,9.092961054e-06,8.002170631e-05
224-222@8gk-tc6-4y9,33.581222,-86.709984,Religious Organizations,Birmingham,AL,35206,8921 Parkway E,79.0,56.0,False,414.0,US,985.0,0.003271279499,0.003829334696,2.848463348e-05,0.0002452381036
222-222@8gm-nrw-qxq,34.623625,-86.536945,Religious Organizations,Huntsville,AL,35803,12901 Bailey Cove Rd SE,171.0,99.0,False,2048.0,US,2122.0,0.006939649441,0.008122303873,6.30003725e-05,0.00053401167
224-222@8gk-tq9-vvf,33.342745,-86.585763,Religious Organizations,Chelsea,AL,35043,1050 Dunsmore Dr,47.0,24.0,False,353.0,US,577.0,0.001865991137,0.002182839464,1.689798238e-05,0.0001435601181
zzw-223@5pm-mss-xnq,34.752959,-86.648524,Religious Organizations,Huntsville,AL,35896,7000 Adventist Blvd NW,3912.0,2721.0,False,87.0,US,48997.0,0.1809024941,0.2119423997,0.001396452851,0.01211470984
zzw-222@8gm-3rx-nyv,33.831044,-87.276598,"Justice, Public Order, and Safety Activities",Jasper,AL,35501,2001 2nd Ave S,368.0,117.0,False,3284.0,US,4554.0,0.1999652666,0.2153246908,0.0001284877846,0.001113627492
zzw-222@8f3-p3v-zzz,30.51402,-87.861251,"Justice, Public Order, and Safety Activities",Fairhope,AL,36532,19875 Thompson Hall Rd,92.0,25.0,False,427.0,US,1141.0,0.04946581831,0.05242161383,3.278367714e-05,0.0002831083463
222-222@8gn-kmy-y35,32.624532,-85.502762,"Justice, Public Order, and Safety Activities",Auburn,AL,36832,1520 Shug Jordan Pkwy,96.0,60.0,False,308.0,US,1196.0,0.05317020988,0.0562045026,3.442811653e-05,0.0002983198079
